"Data","Otwarcie","Zamkniecie","Maks","Min","Obrot_mln_zl","z"
"2004-11-10",14.34,15.14,15.2,14.34,2780.4,0.0542874128378288
"2004-11-12",15.14,15.26,15.94,15.14,1049.56,0.00789477784700798
"2004-11-15",15.14,15.2,15.26,14.89,425.14,0.00395517984292759
"2004-11-16",15.14,15.14,15.2,15.08,193.24,0
"2004-11-17",15.14,15.14,15.2,15.02,159.51,0
"2004-11-18",15.14,15.14,15.2,15.08,88.77,0
"2004-11-19",15.2,15.02,15.2,15.02,147.74,-0.0119127815162421
"2004-11-22",14.95,14.89,15.02,14.71,178.14,-0.00402145314077806
"2004-11-23",14.83,14.83,14.89,14.71,171.37,0
"2004-11-24",14.83,14.83,14.83,14.71,153.23,0
"2004-11-25",14.83,15.26,15.26,14.83,138.17,0.0285828697064701
"2004-11-26",15.2,15.26,15.26,15.08,52.82,0.00393959800408039
"2004-11-29",15.2,15.33,15.33,15.14,113.18,0.00851626503149205
"2004-11-30",15.33,15.45,15.51,15.26,250.61,0.00779731046003196
"2004-12-01",15.26,15.57,15.57,15.2,124.23,0.0201109599895961
"2004-12-02",15.51,15.76,15.82,15.51,137.25,0.0159901072412856
"2004-12-03",15.76,15.82,15.82,15.63,138.63,0.00379987790977498
"2004-12-06",15.7,15.7,15.76,15.51,58.31,0
"2004-12-07",15.63,16,16,15.63,142.38,0.023396577806396
"2004-12-08",15.82,15.88,15.94,15.76,64.49,0.00378549347948187
"2004-12-09",15.76,15.7,15.82,15.63,43.14,-0.00381437207547064
"2004-12-10",15.63,15.76,15.88,15.63,121.72,0.00828293999634777
"2004-12-13",15.7,15.57,15.76,15.45,49.76,-0.00831472650835519
"2004-12-14",15.51,15.57,15.7,15.45,77.19,0.00386100865745975
"2004-12-15",15.51,15.51,15.63,15.45,43.44,0
"2004-12-16",15.51,15.7,15.76,15.45,67.65,0.0121757351658149
"2004-12-17",15.63,16.07,16.07,15.57,128.77,0.0277620353160359
"2004-12-20",16.07,16.62,16.68,16.07,161.47,0.0336526096778811
"2004-12-21",16.5,16.93,17.06,16.38,124.19,0.0257268152385093
"2004-12-22",16.99,16.93,17.61,16.5,140.29,-0.00353773953879655
"2004-12-23",16.75,16.38,17.06,16.38,63.54,-0.022337179846152
"2004-12-24",16.38,16.62,16.62,16.31,12.68,0.0145457110023788
"2004-12-27",16.62,16.56,16.62,16.44,23.88,-0.0036166404701885
"2004-12-28",16.56,16.38,16.56,16.31,31.29,-0.0109290705321903
"2004-12-29",16.38,16.81,16.93,16.38,67.69,0.0259128689956007
"2004-12-30",16.87,17.12,17.3,16.87,57.15,0.0147104741557191
"2004-12-31",17.12,17.18,17.3,17.12,20.44,0.00349854584251341
"2005-01-03",17.3,17.55,17.74,17.24,80.09,0.0143474484081416
"2005-01-04",17.43,17.43,17.55,17.24,55.78,0
"2005-01-05",17.3,16.93,17.43,16.93,76.57,-0.0216193053586893
"2005-01-06",16.87,17.18,17.3,16.56,72.32,0.0182090199982325
"2005-01-07",17.12,17.49,17.49,17.06,76.34,0.0213819183169144
"2005-01-10",17.3,17.12,17.36,17.06,56.51,-0.0104591307901374
"2005-01-11",17.18,17.18,17.24,16.81,53.86,0
"2005-01-12",16.99,17.18,17.18,16.87,29.94,0.0111209808722688
"2005-01-13",17.18,17.24,17.3,17.06,84.44,0.00348634867943742
"2005-01-14",17.12,16.87,17.18,16.87,41.64,-0.0147104741557191
"2005-01-17",16.93,16.93,17.06,16.68,60.24,0
"2005-01-18",16.38,16.31,16.81,16.19,76.93,-0.0042826617920011
"2005-01-19",16.13,16.68,16.68,15.94,133.7,0.0335295047934832
"2005-01-20",16.5,16.44,16.87,16.31,157.06,-0.00364299127850076
"2005-01-21",16.31,16.19,16.44,16.07,52.81,-0.0073846489433782
"2005-01-24",16.07,16.38,16.38,16.07,43.51,0.0191068986755023
"2005-01-25",16.38,16.68,16.75,16.31,66.78,0.0181493185056771
"2005-01-26",16.68,16.93,16.93,16.56,43.16,0.0148767992144436
"2005-01-27",16.81,16.62,16.93,16.62,60.25,-0.011367157993222
"2005-01-28",16.62,16.44,16.62,16.44,57.48,-0.0108893997992681
"2005-01-31",16.5,16.38,16.5,16.31,36.96,-0.00729930248161148
"2005-02-01",16.38,16.56,16.68,16.31,42.17,0.0109290705321903
"2005-02-02",16.56,16.25,16.56,16.19,39.44,-0.0188972401813672
"2005-02-03",16.25,16.19,16.38,16.13,46.88,-0.0036991410862024
"2005-02-04",16.25,16.62,16.68,16.25,71.83,0.0225138806515557
"2005-02-07",16.75,16.81,16.81,16.56,48.41,0.00357568914944872
"2005-02-08",16.81,16.75,16.81,16.68,37.89,-0.00357568914944872
"2005-02-09",16.68,16.5,16.68,16.44,30.01,-0.0108500160240657
"2005-02-10",16.44,16.31,16.5,16.19,101.38,-0.00793897299511181
"2005-02-11",16.38,16.44,16.62,16.38,47.22,0.00365631120311072
"2005-02-14",16.5,16.5,16.62,16.44,33.76,0
"2005-02-15",16.5,16.31,16.56,16.31,66.1,-0.0115819642736126
"2005-02-16",16.44,16.5,16.68,16.31,99.58,0.00364299127850076
"2005-02-17",16.62,16.81,16.81,16.56,101.55,0.011367157993222
"2005-02-18",16.68,17.06,17.18,16.62,200.93,0.0225261451329324
"2005-02-21",16.87,17.3,17.43,16.87,155.94,0.0251696049458565
"2005-02-22",17.36,17.3,17.43,17.06,119.68,-0.00346220772847072
"2005-02-23",16.99,17.3,17.3,16.99,65.94,0.0180815658198927
"2005-02-24",17.24,17.3,17.49,17.18,83.25,0.00347423626818655
"2005-02-25",17.43,17.49,17.74,17.43,217.35,0.00343642949858092
"2005-02-28",17.61,17.3,17.74,17.06,61.31,-0.0177604210043811
"2005-03-01",17.12,17.36,17.55,16.93,85.69,0.0139213385186081
"2005-03-02",17.12,16.75,17.24,16.68,49.71,-0.0218491124425206
"2005-03-03",16.75,16.99,17.12,16.68,165.25,0.0142266774127653
"2005-03-04",16.93,17.3,17.3,16.93,93.81,0.0216193053586893
"2005-03-07",17.24,17.49,17.67,17.24,105.74,0.0143970237949635
"2005-03-08",17.3,17.36,17.55,17.18,62.61,0.00346220772847072
"2005-03-09",17.3,17.49,17.67,17.3,152.92,0.010922787526777
"2005-03-10",17.3,17.3,17.43,17.24,69.53,0
"2005-03-11",17.3,17.24,17.36,17.18,63.11,-0.00347423626818655
"2005-03-14",17.12,16.99,17.3,16.99,30.22,-0.00762243502975535
"2005-03-15",17.06,16.99,17.24,16.99,62.15,-0.00411160637969221
"2005-03-16",16.93,16.44,16.99,16.44,72.87,-0.02936980651701
"2005-03-17",16.5,16.68,16.75,16.44,116.34,0.0108500160240657
"2005-03-18",16.68,16.62,16.81,16.56,102.01,-0.00360360750329836
"2005-03-21",16.75,16.38,16.87,16.38,55.08,-0.022337179846152
"2005-03-22",16.44,16.68,16.68,16.44,26.08,0.0144930073025664
"2005-03-23",16.56,16.62,16.68,16.44,40.83,0.0036166404701885
"2005-03-24",16.62,16.44,16.68,16.44,52.43,-0.0108893997992681
"2005-03-29",16.5,16.25,16.56,16.19,43.38,-0.0152674721307884
"2005-03-30",16.5,16.81,16.81,16.5,74.67,0.0186135665139893
"2005-03-31",16.75,17.18,17.18,16.75,72.8,0.025347658285034
"2005-04-01",16.99,16.68,17.12,16.68,27.99,-0.0184145387532402
"2005-04-04",16.87,16.75,16.87,16.56,41.29,-0.0071386382868015
"2005-04-05",16.62,16.81,16.81,16.44,38.41,0.011367157993222
"2005-04-06",16.68,16.87,16.87,16.62,36.2,0.0113264996272764
"2005-04-07",16.87,16.75,16.93,16.62,27.7,-0.0071386382868015
"2005-04-11",16.56,16.87,16.93,16.38,41.29,0.0185467476007632
"2005-04-12",16.75,16.81,16.81,16.62,16.18,0.00357568914944872
"2005-04-13",16.75,16.81,16.87,16.68,30.53,0.00357568914944872
"2005-04-14",16.62,16.68,16.87,16.62,20.36,0.00360360750329836
"2005-04-15",16.56,16.5,16.62,16.44,28.64,-0.0036297680505788
"2005-04-18",16.38,16.25,16.38,16.19,40.24,-0.0079681696491769
"2005-04-19",16.19,16.31,16.38,16.19,24.47,0.0073846489433782
"2005-04-20",16.31,16,16.38,15.82,59.34,-0.0191896943931411
"2005-04-21",16.07,16.25,16.31,16,37.11,0.0111387290263254
"2005-04-22",16.25,16.38,16.56,16.25,35.78,0.0079681696491769
"2005-04-25",16.38,16.07,16.44,16.07,17.01,-0.0191068986755023
"2005-04-26",16.07,16,16.25,15.94,37.88,-0.0043654575096399
"2005-04-27",16,15.63,16,15.51,62.36,-0.023396577806396
"2005-04-28",15.63,15.51,15.76,15.51,46.92,-0.00770716724493781
"2005-04-29",15.57,15.57,15.76,15.57,54.25,0
"2005-05-02",15.7,15.7,15.82,15.7,18.78,0
"2005-05-04",15.88,15.94,16.13,15.82,59.48,0.00377121754307908
"2005-05-05",16,16.25,16.31,16,65.38,0.0155041865359653
"2005-05-06",16.25,16.19,16.38,16.13,36.59,-0.0036991410862024
"2005-05-09",16.19,16.25,16.31,16.07,12.32,0.0036991410862024
"2005-05-10",16.31,15.94,16.31,15.82,37.8,-0.0229467432708534
"2005-05-11",15.82,16.07,16.19,15.76,13.9,0.0156792174099132
"2005-05-12",16.07,16.44,16.44,16.07,29.31,0.022763209878613
"2005-05-13",16.38,16.38,16.56,16.31,47.53,0
"2005-05-16",16.07,16.38,16.38,16.07,12.51,0.0191068986755023
"2005-05-17",16.19,16.5,16.5,16.19,61.96,0.0189666132169908
"2005-05-18",16.44,16.68,16.68,16.38,63.9,0.0144930073025664
"2005-05-19",16.62,16.5,16.68,16.44,22.74,-0.0072464085207673
"2005-05-20",16.31,16.56,16.56,16.25,52.81,0.0152117323241914
"2005-05-23",16.44,16.56,16.56,16.44,26.22,0.00727275932907956
"2005-05-24",16.56,16.5,16.62,16.44,42.57,-0.0036297680505788
"2005-05-25",16.5,16.5,16.62,16.44,62.78,0
"2005-05-27",16.68,16.5,16.68,16.38,68.73,-0.0108500160240657
"2005-05-30",16.5,16.38,16.5,16.38,15.84,-0.00729930248161148
"2005-05-31",16.31,16.38,16.81,16.25,100.92,0.0042826617920011
"2005-06-01",16.44,16.31,16.44,16.19,46.28,-0.00793897299511181
"2005-06-02",16.38,16.44,16.5,16.31,55.7,0.00365631120311072
"2005-06-03",16.44,16.44,16.5,16.38,29.22,0
"2005-06-06",16.38,16.5,16.56,16.38,34.41,0.00729930248161148
"2005-06-07",16.5,16.56,16.62,16.44,66.41,0.0036297680505788
"2005-06-08",16.44,16.68,16.68,16.44,86.18,0.0144930073025664
"2005-06-09",16.56,16.75,16.75,16.5,24.11,0.0114081093139617
"2005-06-10",16.68,16.68,16.93,16.62,28.44,0
"2005-06-13",16.68,17.06,17.18,16.62,62.8,0.0225261451329324
"2005-06-14",16.99,16.81,17.18,16.75,36.08,-0.0106509882633166
"2005-06-15",16.81,16.87,16.93,16.75,101.51,0.00356294913735278
"2005-06-16",16.81,16.93,16.99,16.75,74.65,0.00711324872452002
"2005-06-17",16.81,17.06,17.06,16.81,26.41,0.0147625946430088
"2005-06-20",16.93,16.93,17.18,16.81,19.81,0
"2005-06-21",16.99,16.87,16.99,16.87,25.92,-0.00708803912596379
"2005-06-22",16.87,17.06,17.18,16.87,73.24,0.011199645505656
"2005-06-23",17.06,16.99,17.12,16.81,30.34,-0.00411160637969221
"2005-06-24",16.81,16.56,16.81,16.5,65.14,-0.0149837984634105
"2005-06-27",16.56,16.38,16.68,16.31,41.09,-0.0109290705321903
"2005-06-28",16.5,16.68,16.81,16.44,31.48,0.0108500160240657
"2005-06-29",16.68,16.68,16.75,16.62,27.63,0
"2005-06-30",16.56,16.75,16.87,16.5,117.23,0.0114081093139617
"2005-07-01",16.68,16.81,16.81,16.68,29.78,0.00776355048992361
"2005-07-04",16.87,16.99,16.99,16.75,28.99,0.00708803912596379
"2005-07-05",16.93,16.87,17.06,16.68,65.71,-0.00355029958716724
"2005-07-06",16.75,16.87,16.93,16.75,15.76,0.0071386382868015
"2005-07-07",16.75,16.75,16.87,16.25,73.5,0
"2005-07-08",16.68,16.81,16.87,16.68,28.3,0.00776355048992361
"2005-07-11",16.81,16.81,16.87,16.75,11.65,0
"2005-07-13",16.81,17.18,17.18,16.75,77.6,0.0217719691355853
"2005-07-14",17.12,17.3,17.43,17.06,119.36,0.0104591307901374
"2005-07-15",17.3,17.3,17.49,17.24,112.95,0
"2005-07-18",17.18,16.99,17.3,16.93,28.61,-0.0111209808722688
"2005-07-19",16.99,16.93,17.06,16.87,29.53,-0.00353773953879655
"2005-07-20",16.99,16.93,17.18,16.87,31.1,-0.00353773953879655
"2005-07-21",16.99,16.75,17.06,16.75,55.88,-0.0142266774127653
"2005-07-22",16.75,16.75,16.87,16.68,61.37,0
"2005-07-25",16.75,16.87,16.93,16.68,31.72,0.0071386382868015
"2005-07-26",16.87,16.81,17.06,16.68,28.72,-0.00356294913735278
"2005-07-27",16.81,16.81,16.87,16.75,57.27,0
"2005-07-28",16.81,16.87,16.99,16.81,43.52,0.00356294913735278
"2005-07-29",17.06,17.24,17.43,17.06,104.8,0.010495723172014
"2005-08-01",17.18,17.55,17.55,17.18,41.31,0.0213080333557656
"2005-08-02",17.55,17.55,17.61,17.43,21.84,0
"2005-08-03",17.43,17.43,17.49,17.18,13.82,0
"2005-08-04",17.24,17.24,17.43,17.24,18.19,0
"2005-08-05",17.3,17.67,17.67,17.3,29.28,0.0211617848278718
"2005-08-08",17.67,18.11,18.29,17.67,60.46,0.024595985563717
"2005-08-09",18.04,18.17,18.23,17.86,26.07,0.0071803677736022
"2005-08-10",18.23,17.92,18.48,17.86,38.56,-0.0171511811437872
"2005-08-11",17.86,17.61,18.11,17.55,40.53,-0.0140966529402387
"2005-08-12",17.61,17.74,17.86,17.61,21.7,0.00735505437331874
"2005-08-16",17.8,17.98,18.17,17.8,73.35,0.0100615717454349
"2005-08-17",18.17,18.05,18.24,17.85,52.98,-0.0066261976291897
"2005-08-18",17.98,17.6,18.05,17.6,13.61,-0.0213611269993681
"2005-08-19",17.66,17.66,17.92,17.66,83.92,0
"2005-08-22",17.6,17.79,17.92,17.6,65.6,0.0107375996336372
"2005-08-23",17.79,17.79,17.85,17.6,50.36,0
"2005-08-24",17.73,17.73,17.98,17.73,33.16,0
"2005-08-25",17.73,17.79,17.85,17.73,61.19,0.00337838159162684
"2005-08-26",17.79,17.85,17.92,17.79,16.74,0.00336700654790478
"2005-08-29",17.79,17.92,17.92,17.73,9.16,0.00728090586904084
"2005-08-30",17.92,18.3,18.43,17.85,51.8,0.0209836523005911
"2005-08-31",18.43,18.43,18.75,18.24,93.34,0
"2005-09-01",18.43,18.37,18.56,18.3,89.42,-0.00326087245469742
"2005-09-02",18.3,18.49,18.49,18.24,140.49,0.010328985551658
"2005-09-05",18.24,18.56,18.69,18.24,48.38,0.0173917427118688
"2005-09-06",18.43,18.62,18.62,18.43,46.79,0.0102565001671895
"2005-09-07",18.56,18.56,18.69,18.3,55.04,0
"2005-09-08",18.49,18.24,18.62,18.17,48.5,-0.013613060752848
"2005-09-09",18.3,18.56,18.62,18.3,83.78,0.0141076675106788
"2005-09-12",18.69,19.01,19.13,18.69,71.49,0.0169765350328661
"2005-09-13",19.01,19.01,19.2,18.81,51.53,0
"2005-09-14",18.94,18.94,19.13,18.81,44.72,0
"2005-09-15",18.88,19.45,19.52,18.81,81.82,0.029743909347101
"2005-09-16",19.52,20.16,20.16,19.52,105.95,0.0322608622182212
"2005-09-19",20.09,21.12,21.25,19.9,135.46,0.0499982800112178
"2005-09-20",21.44,20.86,21.69,20.67,139.52,-0.0274248866299751
"2005-09-21",20.67,20.48,20.67,19.97,66.61,-0.00923457352236978
"2005-09-22",20.22,20.16,20.61,20.09,82.94,-0.00297177038915741
"2005-09-23",20.09,20.16,20.16,19.65,31.84,0.0034782643763247
"2005-09-26",19.77,20.29,20.61,19.77,75.9,0.025962516655198
"2005-09-27",20.41,20.03,20.61,19.97,165.51,-0.0187938271440267
"2005-09-28",20.16,19.45,20.35,19.45,83.26,-0.0358533731387123
"2005-09-29",19.52,19.71,20.09,19.52,27.81,0.00968654017968218
"2005-09-30",20.09,20.16,20.16,19.9,78.35,0.0034782643763247
"2005-10-03",20.29,20.16,20.35,19.77,117.28,-0.00642771063455561
"2005-10-04",20.16,20.03,20.29,19.97,30.04,-0.0064692935254409
"2005-10-05",19.84,20.03,20.09,19.77,48.89,0.009531047821
"2005-10-06",19.77,19.2,19.97,19.2,48.66,-0.0292553581487893
"2005-10-07",18.94,19.52,19.65,18.94,56.52,0.0301634932270143
"2005-10-10",19.39,19.71,19.84,19.39,16.9,0.0163686519100681
"2005-10-11",19.84,20.22,20.29,19.71,28.68,0.0189721117355983
"2005-10-12",20.16,19.71,20.16,19.65,15.99,-0.022574322038539
"2005-10-13",19.71,18.88,19.84,18.69,40.06,-0.0430229604472743
"2005-10-14",18.88,18.62,19.07,18.62,121.54,-0.0138668888684332
"2005-10-17",18.69,18.69,18.94,18.69,59.61,0
"2005-10-18",18.81,18.43,18.88,18.24,61.19,-0.0204088716312074
"2005-10-19",17.98,17.85,18.17,17.47,94.98,-0.00725652081782613
"2005-10-20",18.17,18.05,18.3,17.66,116.91,-0.0066261976291897
"2005-10-21",17.98,17.98,18.17,17.92,65.83,0
"2005-10-24",17.98,17.92,18.17,17.6,123.9,-0.00334262149669007
"2005-10-25",18.05,18.24,18.37,17.98,122.2,0.0104712998672953
"2005-10-26",18.3,18.24,18.37,17.73,88.52,-0.00328407520119001
"2005-10-27",17.85,17.92,18.05,17.79,85.65,0.00391389932113606
"2005-10-28",17.79,17.6,17.79,17.34,142.88,-0.0107375996336372
"2005-10-31",17.73,17.79,18.24,17.6,65.65,0.00337838159162684
"2005-11-02",18.17,18.49,18.56,18.11,114.02,0.0174581629909536
"2005-11-03",18.62,19.07,19.07,18.49,110.27,0.0238801477634065
"2005-11-04",19.07,19.01,19.13,18.81,76.33,-0.00315126311198988
"2005-11-07",18.94,18.75,19.01,18.37,46.5,-0.0100823353415125
"2005-11-08",18.56,18.24,18.56,18.24,39.06,-0.0173917427118688
"2005-11-09",18.24,18.43,18.43,18.17,48.12,0.0103627870355463
"2005-11-10",18.62,18.3,18.69,18.17,41.28,-0.0173352120015458
"2005-11-14",18.62,18.37,18.69,18.3,109.13,-0.0135173726218869
"2005-11-15",18.49,18.75,18.81,18.43,106.41,0.0139637070173864
"2005-11-16",18.75,18.24,18.88,17.98,185.85,-0.0275767677702343
"2005-11-17",18.17,18.43,18.43,18.11,95.32,0.0142078892736519
"2005-11-18",18.56,18.3,18.62,18.17,85.39,-0.0141076675106788
"2005-11-21",18.37,18.3,18.37,18.17,51.01,-0.00381783937965885
"2005-11-22",18.24,17.98,18.24,17.92,45.94,-0.014356955602711
"2005-11-23",18.05,18.05,18.17,17.92,39.03,0
"2005-11-24",18.05,17.73,18.11,17.73,65,-0.0178875646927734
"2005-11-25",17.85,17.47,17.85,17.28,229.02,-0.0215183840796831
"2005-11-28",17.73,17.6,17.79,17.47,143.68,-0.00735921804201034
"2005-11-29",17.66,17.66,17.73,17.6,99.1,0
"2005-11-30",17.6,17.92,18.11,17.6,134.77,0.018018505502678
"2005-12-01",17.92,18.11,18.11,17.92,80.83,0.0105468643485378
"2005-12-02",18.3,18.43,18.43,18.17,155.91,0.00707871183435627
"2005-12-05",18.43,18.05,18.49,17.85,184.46,-0.0208340869028416
"2005-12-06",18.05,17.92,18.05,17.73,37.85,-0.00722827723210573
"2005-12-07",17.92,18.11,18.17,17.92,25.56,0.0105468643485378
"2005-12-08",17.98,17.85,18.11,17.85,40.57,-0.00725652081782613
"2005-12-09",17.92,17.85,17.92,17.73,54.44,-0.00391389932113606
"2005-12-12",17.79,17.73,17.92,17.66,85.57,-0.00337838159162684
"2005-12-13",17.79,17.79,17.92,17.73,39.95,0
"2005-12-14",17.79,17.92,17.98,17.73,119.85,0.00728090586904084
"2005-12-15",17.92,17.73,18.11,17.73,73.51,-0.0106592874606677
"2005-12-16",17.79,17.79,17.92,17.66,131.46,0
"2005-12-19",17.79,17.92,18.05,17.73,52.07,0.00728090586904084
"2005-12-20",17.92,18.37,18.43,17.85,160.83,0.0248014916802499
"2005-12-21",18.37,18.88,18.94,18.37,169.78,0.0273842614903201
"2005-12-22",18.88,18.88,18.88,18.62,68.2,0
"2005-12-23",18.75,18.94,19.01,18.75,44.04,0.0100823353415125
"2005-12-27",18.88,19.07,19.07,18.81,47.26,0.0100132588949733
"2005-12-28",18.94,18.81,19.01,18.81,33.04,-0.00688744444499312
"2005-12-29",18.75,18.81,18.88,18.69,29.46,0.00319489089651936
"2005-12-30",18.69,18.56,18.75,18.49,36.15,-0.00697989410941746
"2006-01-02",18.37,18.62,18.62,18.24,44.03,0.0135173726218869
"2006-01-03",18.62,18.81,18.94,18.49,82.34,0.0101523714640179
"2006-01-04",19.01,19.39,19.45,18.94,217.95,0.0197923127542228
"2006-01-05",19.26,19.33,19.33,19.13,75.26,0.00362788685026016
"2006-01-06",19.33,19.58,19.71,19.13,105.3,0.0128503438821248
"2006-01-09",19.65,19.52,20.09,19.52,160.32,-0.00663775733032379
"2006-01-10",19.39,19.45,19.65,19.33,75.83,0.00308960080989484
"2006-01-11",19.45,20.03,20.03,19.45,104.29,0.0293840796132714
"2006-01-12",19.9,20.16,20.16,19.84,72.86,0.012980711472721
"2006-01-13",20.03,20.03,20.16,19.9,87.85,0
"2006-01-16",19.9,20.48,20.48,19.84,67.92,0.0287290684408603
"2006-01-17",20.22,20.41,20.48,20.16,58.87,0.00935276322942835
"2006-01-18",20.03,20.03,20.16,19.9,65.5,0
"2006-01-19",20.03,20.61,20.8,20.03,100.42,0.0285452452246409
"2006-01-20",20.22,20.41,20.61,20.22,49.16,0.00935276322942835
"2006-01-23",20.16,20.48,20.54,19.97,53.87,0.0157483569681394
"2006-01-24",20.48,20.09,20.48,20.09,50.42,-0.0192266213444641
"2006-01-25",20.48,20.99,20.99,20.29,176.6,0.0245973336612346
"2006-01-26",21.05,20.73,21.05,20.61,70.36,-0.0153186336807019
"2006-01-27",20.73,21.18,21.25,20.67,154.4,0.0214754137255722
"2006-01-30",20.99,21.12,21.12,20.86,40.78,0.00617432500551907
"2006-01-31",21.12,20.22,21.12,20.22,61.74,-0.0435482452457356
"2006-02-01",20.16,20.8,20.8,19.97,41.55,0.0312525435041047
"2006-02-02",20.86,20.73,21.05,20.61,51.43,-0.00625152312493782
"2006-02-03",20.54,20.03,21.05,20.03,70.91,-0.0251430548226854
"2006-02-06",20.22,21.05,21.05,20.22,42.33,0.0402283465360651
"2006-02-14",20.86,20.86,20.99,20.73,63.6,0
"2006-02-17",20.73,21.37,21.44,20.61,101.57,0.030406142883368
"2006-02-23",21.63,21.89,21.89,21.57,47.25,0.0119486715698041
"2006-03-01",22.21,22.53,22.65,21.95,68.28,0.014305116537817
"2006-03-07",22.72,22.4,22.78,21.89,96.85,-0.0141846349919565
"2006-03-08",22.33,21.95,22.4,21.82,67.42,-0.0171639263308863
"2006-03-09",21.95,21.95,22.27,21.82,49.82,0
"2006-03-10",21.89,21.69,22.01,21.37,97.41,-0.00917858669598859
"2006-03-13",21.69,21.57,21.82,21.25,41.9,-0.00554786443771782
"2006-03-14",21.31,20.8,21.44,20.8,66.08,-0.0242234594032533
"2006-03-16",21.44,22.08,22.08,21.44,53.96,0.0294138852062931
"2006-03-23",21.63,21.95,22.01,21.57,46.71,0.0146858995562127
"2006-03-24",22.08,22.27,22.4,22.01,35.08,0.00856825986038201
"2006-03-27",22.27,22.33,22.33,21.95,26.78,0.00269058458279003
"2006-03-28",22.27,21.82,22.33,21.82,20.37,-0.0204135008643518
"2006-03-29",21.44,21.69,21.76,21.05,37.64,0.0115929886361816
"2006-03-30",21.89,21.82,22.14,21.69,53.27,-0.00320293112984693
"2006-03-31",21.76,22.21,22.21,21.76,40.18,0.020469215918594
"2006-04-03",22.08,22.65,22.72,22.08,50.74,0.0254876305201486
"2006-04-04",22.53,22.46,22.59,22.14,60.83,-0.00311180513385612
"2006-04-05",22.4,21.89,22.59,21.82,48.86,-0.0230310473262225
"2006-04-06",22.08,22.14,22.21,21.82,73.34,0.00271370587159625
"2006-04-07",22.14,22.46,22.72,22.14,77.42,0.0143500220298063
"2006-04-10",22.46,22.65,22.65,22.21,50.51,0.00842390261874604
"2006-04-11",22.4,22.46,22.53,22.21,35.16,0.00267499044930286
"2006-04-12",22.4,22.65,22.65,22.27,15.86,0.0110988930680489
"2006-04-13",22.65,22.46,22.97,22.4,56.46,-0.00842390261874604
"2006-04-18",22.59,23.04,23.23,22.53,64.96,0.0197245053477788
"2006-04-19",23.23,23.55,23.55,23.04,49.54,0.0136812736801089
"2006-04-20",23.49,24.83,24.89,23.36,81.33,0.0554778008492538
"2006-04-21",24.57,25.6,25.85,24.51,112.72,0.0410661649524289
"2006-04-24",24.89,25.98,26.37,24.89,159.87,0.0428608948629527
"2006-04-25",25.66,25.41,25.85,25.28,78.22,-0.00979056185541793
"2006-04-26",25.34,25.28,25.47,25.02,133.79,-0.00237060561433644
"2006-04-27",25.28,24.45,25.41,24.13,116.4,-0.0333833533577756
"2006-04-28",24.13,24.7,24.77,23.87,91.54,0.023347363996991
"2006-05-02",24.51,24.25,24.7,24.19,143.58,-0.0106645801565293
"2006-05-04",24.57,24.64,24.77,24.32,127.23,0.0028449521322309
"2006-05-08",24.7,24.7,24.89,24.51,80.42,0
"2006-05-10",24.38,24.64,24.7,24.38,55.82,0.0106080146121936
"2006-05-12",24.89,25.21,25.21,24.83,64.05,0.0127746248203278
"2006-05-15",24.89,24.64,24.96,24.25,45.66,-0.0100949777141817
"2006-05-17",24.51,23.42,24.64,23.42,78.53,-0.0454908393704501
"2006-05-18",23.29,23.49,23.87,23.23,87.68,0.00855071477457203
"2006-05-22",23.49,22.97,23.87,22.91,131.26,-0.0223857819698146
"2006-05-24",22.91,22.21,23.17,22.08,144.33,-0.0310308585590682
"2006-05-25",22.08,22.4,22.78,21.44,126.92,0.0143887374520997
"2006-05-30",21.89,21.89,22.21,21.76,25.78,0
"2006-05-31",21.63,22.27,22.46,21.44,91.2,0.0291592413043089
"2006-06-08",22.53,22.72,23.04,22.27,132.47,0.00839783940879757
"2006-06-09",22.78,22.59,23.04,22.33,120.42,-0.00837562753912424
"2006-06-12",22.33,22.21,22.33,21.63,130.81,-0.00538842794573036
"2006-06-14",21.74,21.87,22.4,21.41,110.19,0.0059619529956132
"2006-06-16",22.21,20.95,22.87,20.95,127.88,-0.0584039915381895
"2006-06-20",21.61,21.94,22.4,21.61,103.51,0.0151552843282894
"2006-06-21",22.14,22.67,22.74,22.01,98.98,0.023656537238947
"2006-06-26",22.27,22.67,22.8,22.27,25.93,0.0178019832501612
"2006-06-27",22.67,24.53,24.79,22.54,227.62,0.0788543937509605
"2006-06-30",24.72,24.53,25.06,24.13,132.79,-0.00771577431909165
"2006-07-03",24.26,24.53,24.66,24,63.23,0.0110679547544938
"2006-07-04",24.26,24.59,24.59,24.26,86.18,0.0135109527121968
"2006-07-06",24.93,25.54,25.61,24.66,78.17,0.0241739530689271
"2006-07-07",25.34,25.74,25.88,25.2,68.22,0.0156620272749874
"2006-07-10",25.27,26.08,26.22,25.27,122.41,0.0315508156583495
"2006-07-12",25.88,25.61,26.28,25.34,54.86,-0.0104875694212661
"2006-07-14",24.52,24.73,25.13,24.46,34.63,0.00852797046531428
"2006-07-17",24.73,24.32,24.93,24.32,43.99,-0.0167180244353586
"2006-07-18",24.46,24.66,25.06,24.39,35.19,0.00814336747717181
"2006-07-19",24.73,24.86,25.06,24.66,32.53,0.0052430045492402
"2006-07-20",25.4,26.42,26.62,25.4,106.25,0.0393721250696886
"2006-07-21",26.22,26.15,26.62,26.08,51.36,-0.00267328782462162
"2006-07-24",25.81,26.42,26.49,25.81,33.91,0.0233592853636568
"2006-07-25",26.28,26.42,26.89,26.15,59.74,0.00531310547776931
"2006-07-26",26.42,26.56,26.62,26.15,53.73,0.00528502551405374
"2006-07-27",26.76,27.1,27.17,26.69,108.37,0.0126254926256273
"2006-07-28",26.89,27.5,27.5,26.83,66.14,0.0224315343917523
"2006-07-31",27.5,27.64,27.91,27.23,60.67,0.00507799422694344
"2006-08-01",27.64,27.1,27.77,26.96,62.52,-0.0197302710138141
"2006-08-02",26.83,26.83,26.89,26.35,44.45,0
"2006-08-03",26.49,25.74,26.62,25.4,88.23,-0.0287211011159978
"2006-08-04",25.67,26.22,26.28,25.4,92.24,0.0211994834525044
"2006-08-07",26.15,26.01,26.15,25.34,45.02,-0.00536811105037183
"2006-08-08",25.74,26.01,26.01,25.54,43.68,0.0104348772925795
"2006-08-09",26.15,26.56,26.62,25.81,87.4,0.0155571340973011
"2006-08-10",26.56,25.88,26.56,25.74,50.26,-0.0259358549755331
"2006-08-11",26.08,25.06,26.08,25,172.73,-0.0398957875905301
"2006-08-14",25.2,25.47,25.61,25.2,46.21,0.010657294473988
"2006-08-16",25.88,26.08,26.22,25.88,76.49,0.00769826742575219
"2006-08-17",26.22,25.47,26.22,25.27,49.28,-0.0290211893441881
"2006-08-18",25.4,25.4,25.74,25.2,48.3,0
"2006-08-21",25.2,25.2,25.54,25.13,43.92,0
"2006-08-22",25.54,25.47,25.54,25.27,33.9,-0.00274456161302794
"2006-08-23",25.34,25.54,25.54,25.06,29.65,0.00786167571140028
"2006-08-24",25.27,24.86,25.4,24.73,38.33,-0.0163578353175375
"2006-08-25",25.06,24.73,25.13,24.46,49.31,-0.0132558679345971
"2006-08-28",24.46,24.46,24.73,24.39,35.05,0
"2006-08-29",24.52,25.34,25.47,24.52,39.93,0.0328950638249825
"2006-08-30",25.4,25.27,25.74,25.13,106.35,-0.00513125262438807
"2006-08-31",25.54,25.13,25.67,25,61.23,-0.0161834990488927
"2006-09-01",25.15,24.93,25.4,24.93,20.35,-0.00878599901028165
"2006-09-04",25.4,25.79,26.01,25.07,91.43,0.0152376458687629
"2006-09-05",25.61,25.88,26.01,25.47,54.97,0.0104875694212661
"2006-09-06",26.01,25.74,26.01,25.34,41.07,-0.0104348772925795
"2006-09-07",25.13,25.67,25.74,25.1,44.35,0.0212606433275484
"2006-09-08",25.54,25.67,25.74,25.06,29.82,0.00507714427865569
"2006-09-11",25.13,25.54,25.72,25,31.47,0.0161834990488927
"2006-09-12",25.54,25.88,25.88,25.2,59.78,0.0132246190283065
"2006-09-13",25.95,26.62,26.96,25.95,180.16,0.025491203355068
"2006-09-14",26.56,26.08,26.56,25.89,65.37,-0.0182375875497809
"2006-09-15",25.74,26.41,26.41,25.51,44.12,0.0256965241410603
"2006-09-18",26.42,26.41,26.56,26.01,39.61,-0.00037857278513842
"2006-09-19",26.08,25.88,26.35,25.67,30.85,-0.00769826742575219
"2006-09-20",25.59,25.54,25.88,25.49,186.66,-0.00195579956730407
"2006-09-21",25.48,25.2,25.94,25.2,51,-0.0110498361865852
"2006-09-22",24.93,24.91,25.19,24.4,68.8,-0.000802568261377257
"2006-09-25",25.13,25.6,25.6,25.13,17.71,0.0185299999300161
"2006-09-26",25.6,25.54,25.74,25.13,22.69,-0.00234650088112343
"2006-09-27",25.74,25.4,25.74,24.91,29.75,-0.0132970281434899
"2006-09-28",24.93,25.4,25.4,24.93,55.49,0.0186772764890244
"2006-09-29",25.4,24.73,25.47,24.66,67.8,-0.0267320924911658
"2006-10-02",25,24.49,25,23.99,49.33,-0.0206109539041242
"2006-10-03",24.51,24.22,24.61,24.18,30.78,-0.011902459415075
"2006-10-04",24.22,24.96,25,24.18,39.42,0.0300958053762805
"2006-10-05",25.44,25.65,25.66,25.4,44.94,0.00822083314485722
"2006-10-06",25.41,25.74,25.81,25.4,27.03,0.012903404835908
"2006-10-09",25.44,25.74,25.74,25.44,29.48,0.0117234636960593
"2006-10-10",25.81,26.41,26.77,25.74,185.32,0.0229807125785184
"2006-10-11",26.56,26.58,26.62,26.28,102.35,0.000752728676866266
"2006-10-12",26.42,26.83,26.83,26.42,93.96,0.0153993653433533
"2006-10-13",26.89,26.88,26.97,26.56,115.19,-0.000371954625824955
"2006-10-16",26.56,26.98,27.1,26.56,79.93,0.0156895261713768
"2006-10-17",26.69,25.88,26.76,25.82,39.21,-0.030818493783733
"2006-10-18",25.74,26.89,27,25.67,74.31,0.0437082681127929
"2006-10-19",26.15,27.04,27.08,26.15,64.99,0.0334680606638313
"2006-10-20",27,26.76,27.1,26.42,68.24,-0.00892863074430128
"2006-10-23",26.42,26.56,26.56,26.1,30.72,0.00528502551405374
"2006-10-24",26.32,26.08,26.41,26.01,31.41,-0.00916036939866416
"2006-10-25",25.92,26.42,26.42,25.88,58.36,0.0191064276101054
"2006-10-26",26.55,26.36,26.55,26.19,44.25,-0.00718203805364137
"2006-10-27",26.21,25.75,26.52,25.4,91.31,-0.0177063902255701
"2006-10-30",25.4,25.74,25.78,25.2,76.46,0.0132970281434899
"2006-10-31",26.08,25.91,26.21,25.55,224.91,-0.00653974248443356
"2006-11-02",25.74,25.88,26.2,25.67,185.34,0.00542426746471936
"2006-11-03",25.75,27.1,27.1,25.75,229.6,0.0510991007759101
"2006-11-06",26.77,26.96,27.23,26.62,629.21,0.00707242851184509
"2006-11-07",26.96,28.42,28.66,26.96,462.66,0.0527388366248482
"2006-11-08",27.77,28.38,28.38,27.69,249.17,0.0217283704131885
"2006-11-09",28.38,28.32,29.42,28.32,269.95,-0.0021164029063776
"2006-11-10",27.84,27.91,28.22,27.84,73.41,0.0025112120820121
"2006-11-13",27.5,28.45,28.45,27.5,98.12,0.0339621558998142
"2006-11-14",27.98,28.38,28.59,27.98,91.3,0.0141947024945615
"2006-11-15",28.18,27.74,28.42,27.17,197.24,-0.0157370915838491
"2006-11-16",27.74,28.11,28.11,27.44,110.49,0.0132499700317554
"2006-11-17",27.77,28.01,28.01,27.71,59.77,0.00860528795330895
"2006-11-20",27.77,27.77,27.97,27.23,194.68,0
"2006-11-21",27.77,27.95,27.95,27.71,54.74,0.00646089828240015
"2006-11-22",27.98,28.93,29.1,27.98,330.8,0.0333891497507084
"2006-11-23",28.49,28.97,29.03,28.49,114,0.0167076632714425
"2006-11-24",28.79,28.57,28.79,28.47,89.55,-0.00767088838140273
"2006-11-27",28.53,29.06,29.12,28.53,136.92,0.0184064929167285
"2006-11-28",28.45,28.93,29.06,28.26,111.13,0.0167309584157036
"2006-11-29",28.93,29.13,29.13,28.82,72.08,0.00688945198329982
"2006-11-30",28.99,29.02,29.09,28.72,113.35,0.00103430452247766
"2006-12-01",29.05,28.66,29.27,28.66,120.59,-0.0135160608978948
"2006-12-04",28.79,30.96,30.96,28.79,216.2,0.072667944097442
"2006-12-05",30.82,32.04,32.45,30.82,159.12,0.0388212923081888
"2006-12-06",32.25,31.15,32.45,31.03,85.74,-0.0347037980083194
"2006-12-07",31.17,32.04,32.04,31.17,65.81,0.0275290284209131
"2006-12-08",31.7,32.86,32.86,31.57,83.21,0.035939431725887
"2006-12-11",32.53,32.54,32.62,32.11,107.75,0.000307361305631915
"2006-12-12",32.52,31.84,32.58,31.84,106.77,-0.021131923703428
"2006-12-13",31.57,32.86,33.32,31.57,177.94,0.0400488100392216
"2006-12-14",32.86,32.52,32.99,31.97,262.75,-0.0104008279295118
"2006-12-15",32.25,32.19,32.51,30.89,175.5,-0.0018621979310649
"2006-12-18",32.04,32.19,32.19,31.72,175.99,0.00467072311055805
"2006-12-19",31.77,31.17,32.31,31.17,108.65,-0.0190663545021792
"2006-12-20",31.78,31.56,31.94,31.03,143.72,-0.0069466651308967
"2006-12-21",31.5,31.91,31.97,31.5,58.5,0.012931894458565
"2006-12-22",31.57,31.84,32.11,31.37,36.61,0.00851605840628178
"2006-12-27",31.83,32.86,32.86,31.59,46.25,0.0318468713151203
"2006-12-28",32.54,32.52,32.72,32.18,54.72,-0.000614817111281862
"2006-12-29",32.24,31.84,32.31,31.78,129.35,-0.0124845566622453
"2007-01-02",31.5,32.52,32.72,31.47,101.42,0.0318677388480229
"2007-01-03",32.18,32.65,32.7,32.18,46.81,0.0144997141582031
"2007-01-04",31.91,32.25,32.48,31.85,60.44,0.0105986029516294
"2007-01-05",31.86,31.17,32.04,31.17,78.36,-0.0218952107026569
"2007-01-08",30.91,31.07,31.16,30.52,61.57,0.0051629672609308
"2007-01-09",31.16,31.01,31.57,30.62,139.06,-0.00482548789018988
"2007-01-10",30.49,30.17,30.76,29.98,188.41,-0.0105507078291933
"2007-01-11",30.35,30.44,30.61,29.81,350.69,0.00296101548797756
"2007-01-12",30.48,30.59,30.82,30.48,222.8,0.00360242734436644
"2007-01-15",30.65,30.84,30.84,30.55,178.6,0.00617988631290833
"2007-01-16",30.84,31.2,31.26,30.63,201.37,0.011605546120308
"2007-01-17",31.17,31.37,31.37,31.03,255.37,0.00639592842334125
"2007-01-18",31.84,32.71,32.96,31.84,234,0.0269574805741106
"2007-01-19",32.19,33.06,33.53,32.19,137.03,0.0266682470821613
"2007-01-22",33.19,32.18,33.63,32.18,146.24,-0.0309034841676459
"2007-01-23",31.85,32.54,32.71,31.7,82.48,0.0214327197727195
"2007-01-24",32.52,32.65,32.89,32.52,56.14,0.00398957104283015
"2007-01-25",32.56,31.85,33.22,31.7,122.45,-0.0220471591161671
"2007-01-26",31.84,31.87,32.16,31.34,54.06,0.000941767453062958
"2007-01-29",31.87,32.18,32.38,31.87,76.36,0.00968001313499212
"2007-01-30",32.18,32.34,32.34,31.7,54.8,0.00495971258472361
"2007-01-31",32.18,33.53,33.53,32.18,205.99,0.0410954189138999
"2007-02-01",33.53,33.26,33.53,33.2,211.85,-0.0080850867133555
"2007-02-02",32.86,32.57,32.92,32.18,222.02,-0.00886449332097961
"2007-02-05",32.52,32.82,32.92,32.52,69.59,0.0091828009823347
"2007-02-06",32.52,32.39,32.92,32.18,487.39,-0.00400555149637194
"2007-02-07",32.35,32.86,33.06,32.35,202.02,0.0156420916622122
"2007-02-08",32.21,32.25,32.69,32.11,90.31,0.00124107989867417
"2007-02-09",32.25,32.65,32.69,32.24,76.04,0.0123268124806586
"2007-02-12",32.18,32.3,32.58,32.18,152.2,0.00372208866437385
"2007-02-13",32.32,32.31,32.49,32.29,70.06,-0.000309453816487615
"2007-02-14",32.38,32.71,32.71,32.35,136.49,0.0101398933008037
"2007-02-15",32.79,32.52,33.05,32.49,99.33,-0.00826830617694663
"2007-02-16",32.38,31.84,32.42,31.81,112.77,-0.016817587273307
"2007-02-19",31.85,32.31,32.5,31.85,58.77,0.0143393978182345
"2007-02-20",32.11,32.04,32.31,31.85,105.82,-0.00218238590126374
"2007-02-21",31.97,32.89,32.89,31.97,105.07,0.0283706971292155
"2007-02-22",32.96,33.33,33.33,32.92,113.83,0.0111631872783771
"2007-02-23",32.86,33.09,33.09,32.42,113.67,0.00697500932439921
"2007-02-26",33.05,32.45,33.09,32.42,80.73,-0.0183211231475959
"2007-02-27",32.18,30.55,32.21,30.01,275.99,-0.0519804559466328
"2007-02-28",30.35,30.15,31.29,30.04,391.17,-0.00661159433231306
"2007-03-01",30.48,29.68,30.67,29.5,272.29,-0.0265973125192658
"2007-03-02",29.69,30.55,30.69,29.69,115.37,0.0285543968419359
"2007-03-05",29.67,29.52,29.79,28.8,197.46,-0.0050684345704588
"2007-03-06",29.57,29.81,30.62,29.57,119.73,0.00808357382559421
"2007-03-07",29.88,28.89,30.27,28.89,134.46,-0.0336938457864724
"2007-03-08",29.46,29.96,30.01,29.33,84.59,0.0168297476145343
"2007-03-09",30.02,30.01,30.52,29.47,153.38,-0.000333166753040182
"2007-03-12",30.32,30.01,30.63,30.01,98.87,-0.0102769013218955
"2007-03-13",29.94,29.56,30.15,29.31,82.33,-0.0127732829114815
"2007-03-14",29.12,30.42,30.42,28.93,136.12,0.0436750635026613
"2007-03-15",30.32,30.21,30.55,30.01,137.05,-0.0036345653755907
"2007-03-16",30.21,30.15,30.51,29.85,124.58,-0.001988072225386
"2007-03-19",30.42,31.16,31.16,30.16,77.43,0.024034934171401
"2007-03-20",30.86,30.72,31.13,30.57,70.27,-0.00454693865554345
"2007-03-21",30.62,32.18,32.18,30.59,219.83,0.0496917513346995
"2007-03-22",32.92,32.66,33.19,32.65,302.01,-0.00792928826655048
"2007-03-23",32.52,32.52,32.66,32.31,71.71,0
"2007-03-26",32.38,31.84,32.52,31.74,111.42,-0.016817587273307
"2007-03-27",31.95,32.08,32.18,31.89,87.13,0.00406060217477
"2007-03-28",31.84,31.54,31.91,31.54,209.3,-0.00946677944128993
"2007-03-29",31.57,32.58,32.65,31.55,96.2,0.031491300603999
"2007-03-30",32.59,32.67,32.99,32.58,145.84,0.0024517327635083
"2007-04-02",31.85,31.85,32.52,31.85,40.28,0
"2007-04-03",31.91,32.37,32.37,31.58,86.03,0.0143126276480006
"2007-04-04",32.42,32.37,32.52,32.05,91.97,-0.00154344836937748
"2007-04-05",32.18,32.45,32.45,31.85,70.59,0.00835530158586195
"2007-04-10",32.05,32.42,32.52,31.93,132.65,0.0114783329408512
"2007-04-11",32.04,32.51,32.65,32.04,121.85,0.0145626121156552
"2007-04-12",32.05,32.07,32.38,31.87,126.25,0.000623830338384312
"2007-04-13",32.25,31.97,32.51,31.79,154.56,-0.00872008017003134
"2007-04-16",32.23,32.31,32.31,31.89,164.69,0.00247908400906027
"2007-04-17",32.18,32.31,32.31,32.04,133.75,0.00403163827216968
"2007-04-18",31.93,32.25,32.47,31.93,94.9,0.00997203651509082
"2007-04-19",31.91,32.38,32.38,31.87,46.21,0.0146215079593368
"2007-04-20",32.38,33.02,33.05,32.21,165.41,0.019572490242493
"2007-04-23",32.89,33.19,33.32,32.6,140.62,0.00907996553091728
"2007-04-24",33.19,33.13,33.19,32.66,70.75,-0.00180940942007846
"2007-04-25",32.96,33.53,33.74,32.96,124.26,0.017145855436866
"2007-04-26",33.6,34.35,34.38,33.6,250.21,0.0220759516991995
"2007-04-27",34.35,34.55,34.58,34.01,120.58,0.00580553154532071
"2007-04-30",34.01,34.45,34.45,33.77,57.81,0.012854398440564
"2007-05-02",34.21,34.11,34.31,33.94,58.75,-0.00292740255895874
"2007-05-04",34.14,35.23,35.23,34.14,123.12,0.0314282749868515
"2007-05-07",34.89,34.96,35.29,34.62,76.45,0.00200429558865212
"2007-05-08",34.55,34.55,34.82,34.21,58,0
"2007-05-09",34.18,34.11,34.55,33.87,96.3,-0.00205008125689021
"2007-05-10",33.94,34.48,34.48,33.64,80.8,0.015785185989412
"2007-05-11",33.87,34.21,34.21,33.28,138.48,0.00998833215983286
"2007-05-14",33.87,34.21,34.41,33.69,103.52,0.00998833215983286
"2007-05-15",34.21,34.68,34.75,34.18,144.75,0.0136451529228276
"2007-05-16",34.28,34.35,34.65,34.21,182.25,0.00203992493877925
"2007-05-17",34.24,34.72,35.84,34.24,95.47,0.0139213385186081
"2007-05-18",34.55,35.26,35.29,34.31,70.02,0.020341626756045
"2007-05-21",34.75,35.23,35.29,34.75,147.95,0.0137184203423448
"2007-05-22",35.26,37.16,37.26,35.26,201.93,0.0524837369759137
"2007-05-23",36.92,35.9,37.06,35.84,101.9,-0.0280161141404185
"2007-05-24",35.46,35.9,36.07,35.23,118.57,0.0123319948481715
"2007-05-25",35.84,35.02,35.84,34.52,102.51,-0.0231452612490237
"2007-05-28",35.16,35.5,35.57,34.89,27.84,0.00962362366439384
"2007-05-29",35.12,36.31,36.55,35.09,47,0.0333224166593284
"2007-05-30",35.5,35.87,35.87,35.23,65.42,0.010368595062821
"2007-05-31",36.24,36.07,36.95,36.01,158.09,-0.00470198625933094
"2007-06-01",35.94,37.8,37.8,35.94,123.55,0.0504582212701292
"2007-06-04",37.06,37.33,37.6,36.65,62.35,0.00725907206927889
"2007-06-05",37.26,37.26,37.39,36.58,64.49,0
"2007-06-06",36.62,35.57,36.89,35.23,141.96,-0.0290919532860006
"2007-06-08",35.46,34.82,35.57,34.72,179.07,-0.0182133663060187
"2007-06-11",35.26,34.89,35.97,34.89,89.42,-0.0105489217710413
"2007-06-12",34.89,34.99,35.5,34.89,108.23,0.00286205118091409
"2007-06-13",34.96,35.94,35.94,34.89,76.41,0.0276463305680781
"2007-06-14",35.97,35.9,36.78,35.9,116.98,-0.00194796221329918
"2007-06-15",35.9,37.22,37.26,35.9,217.95,0.0361089557198717
"2007-06-18",36.92,36.75,37.22,36.65,48.95,-0.00461518397580596
"2007-06-19",36.85,36.92,37.26,36.45,73.68,0.00189779099930609
"2007-06-20",37.22,36.51,37.46,36.51,90.02,-0.0192600555465594
"2007-06-21",36.65,36.65,37.16,36.58,60.08,0
"2007-06-22",36.89,37.56,37.56,36.78,39.26,0.0179991427314783
"2007-06-25",36.95,37.12,37.26,36.58,75.21,0.00459026052378864
"2007-06-26",36.62,37.36,37.5,36.58,100.33,0.0200060741142774
"2007-06-27",36.72,36.78,37.36,36.62,59,0.00163265342388552
"2007-06-28",36.82,37.94,37.94,36.82,226.57,0.0299647887019363
"2007-06-29",37.8,37.19,37.8,36.95,87.51,-0.0162691946885634
"2007-07-02",37.09,36.92,37.09,36.11,70.51,-0.00459398186684767
"2007-07-03",37.22,37.6,37.9,37.06,72.19,0.0101577991817439
"2007-07-04",37.56,37.87,37.94,37.33,56.38,0.00821958757364083
"2007-07-05",37.63,37.22,37.8,36.92,59,-0.0109553533912412
"2007-07-06",37.12,38.61,38.65,37.12,177.58,0.0393554023581455
"2007-07-09",38,37.73,38.82,37.67,78.46,-0.00713062575016643
"2007-07-10",37.6,37.53,37.6,36.92,126.55,-0.00186343724891902
"2007-07-11",37.22,38.24,38.48,37.16,107.95,0.0270358369690959
"2007-07-12",38.04,38.24,38.38,37.6,70.44,0.00524385050601106
"2007-07-13",38.48,38.38,38.75,38.34,180.98,-0.0026021352179515
"2007-07-16",38.27,38.58,38.61,38.17,97.35,0.00806770803997203
"2007-07-17",38.31,38.55,38.95,38,63.9,0.00624514129678078
"2007-07-18",38.75,38.72,38.89,38.48,118.29,-0.000774493390979902
"2007-07-19",38.68,39.3,39.3,38.61,175.08,0.0159018482901216
"2007-07-20",39.1,39.13,39.58,38.96,74.64,0.00076696923100128
"2007-07-23",39.03,40.44,40.86,39.03,121.67,0.035488812959747
"2007-07-24",39.99,40.34,40.82,39.99,126.14,0.0087141096673391
"2007-07-25",40.13,39.96,40.13,39.2,97.16,-0.00424523049847236
"2007-07-26",39.72,38.65,40.41,38.34,164.87,-0.0273080641435408
"2007-07-27",38.41,37.93,39.13,37.82,124.63,-0.0125754866570058
"2007-07-30",37.99,38.2,38.51,37.99,71.62,0.00551254841299498
"2007-07-31",38.75,40.68,40.68,38.65,131.18,0.0486058153810034
"2007-08-01",38.89,39.3,39.72,38.27,175.12,0.0104873707075592
"2007-08-02",39.37,38.13,39.82,37.93,103.52,-0.0320027310861737
"2007-08-03",38.61,37.1,38.72,37.1,89.38,-0.0398943406627557
"2007-08-06",36.62,36.13,37.37,36.13,74.01,-0.0134709940868154
"2007-08-07",36.65,37.2,37.79,36.65,73.74,0.0148953329464407
"2007-08-08",36.89,36.34,36.96,35.99,158.3,-0.0150214486405589
"2007-08-09",36.44,36.37,36.75,35.34,77.46,-0.00192281339286016
"2007-08-10",35.72,35.31,35.72,34.82,126.52,-0.011544546068003
"2007-08-13",35.34,36.55,36.58,35.31,123,0.0336657193042367
"2007-08-14",36.2,35.86,36.51,35.65,99.46,-0.00943665065473898
"2007-08-16",34.17,33.39,35.27,33.39,221.24,-0.0230916121716374
"2007-08-17",33.44,34.62,35.44,32.41,201.65,0.0346787615315622
"2007-08-20",35.27,34.65,35.31,34.44,81.97,-0.0177350186120484
"2007-08-21",34.62,33.9,35.2,33.9,142.55,-0.0210165353616585
"2007-08-22",34.51,36.2,36.2,34.48,225.14,0.0478099817218136
"2007-08-23",36.55,36.2,36.82,35.93,136.19,-0.00962206736406168
"2007-08-24",36.1,36.48,36.48,35.65,68.89,0.0104712998672953
"2007-08-27",36.48,36.55,36.79,36.27,64.98,0.00191702098965685
"2007-08-28",36.03,36.48,37.1,36.03,90.43,0.0124122404461287
"2007-08-29",36.03,37.1,37.1,35.99,80.96,0.0292650448533878
"2007-08-30",37.3,35.86,37.58,35.03,142.47,-0.039370858472783
"2007-08-31",36.62,36.99,37.3,36.24,129.97,0.0100530665979983
"2007-09-03",36.58,36.72,36.93,36.55,58.05,0.00381992278957011
"2007-09-04",36.55,37.1,37.1,36.06,47.49,0.0149357834176023
"2007-09-05",36.68,36.2,36.86,36.13,89.86,-0.0131725285565385
"2007-09-06",36.2,35.68,36.75,35.68,200.5,-0.0144688111199169
"2007-09-07",35.68,35.17,36.3,34.89,136.93,-0.0143968612259173
"2007-09-10",35.13,34.27,35.27,34.27,103.41,-0.0247851303912183
"2007-09-11",34.41,34.79,35.13,34.41,73.71,0.0109827693544617
"2007-09-12",34.75,36.03,36.13,34.75,90.04,0.0361723527492006
"2007-09-13",35.93,36.62,37.1,35.55,152.82,0.0190219381209373
"2007-09-14",36.62,36.2,36.89,36.2,146.41,-0.011535420414639
"2007-09-17",35.93,36.89,36.89,35.93,86.85,0.0263679104831569
"2007-09-18",36.86,37.1,37.27,36.68,95.58,0.0064900173717124
"2007-09-19",38.03,38.93,38.93,38.03,182,0.0233898396821961
"2007-09-20",38.48,39.03,39.13,38.48,93.1,0.0141919553950181
"2007-09-21",38.82,38.34,39.3,38.27,258.68,-0.0124418401233655
"2007-09-24",38.24,37.93,38.79,37.93,81.5,-0.0081397324823933
"2007-09-25",37.65,37.2,37.86,36.93,100.43,-0.0120241929668015
"2007-09-26",37.3,37.58,37.93,37.3,112.95,0.0074786673355498
"2007-09-27",37.93,37.72,38.75,37.72,180.05,-0.00555189793555089
"2007-09-28",37.79,38.06,38.55,37.72,96.48,0.00711934450660578
"2007-10-01",37.93,38.03,38.2,37.17,63.31,0.00263296623936071
"2007-10-02",38.41,38.82,39.06,38.41,317.11,0.0106177353830508
"2007-10-03",38.61,38.48,38.61,38.13,150.39,-0.0033726844786397
"2007-10-04",37.99,37.86,38.27,37.68,252.09,-0.00342782141835762
"2007-10-05",37.93,37.96,38.2,37.68,201.14,0.000790618040919622
"2007-10-08",37.89,37.93,37.99,37.37,85.41,0.00105513067029817
"2007-10-09",37.62,38.51,38.82,37.62,310.57,0.0233821239539336
"2007-10-10",38.55,38.72,39.34,38.44,290.77,0.00440016239903773
"2007-10-11",39.03,38.96,39.27,38.55,115.37,-0.00179510241818903
"2007-10-12",38.61,38.55,39.3,38.41,181.43,-0.00155521026680683
"2007-10-15",38.65,38.61,38.93,38.48,113.16,-0.00103546475728589
"2007-10-16",38.03,37.37,38.27,37.37,136.94,-0.0175070784427755
"2007-10-17",37.58,37.93,38.03,37.48,154.93,0.00927036171548812
"2007-10-18",37.86,36.93,37.89,36.68,135.91,-0.0248709169167052
"2007-10-19",36.96,37.62,37.65,36.93,119.86,0.0176995770994006
"2007-10-22",36.89,37.75,37.89,36.55,86.9,0.0230449640864494
"2007-10-23",37.79,38.96,38.96,37.72,224.41,0.0304909614129367
"2007-10-24",38.55,38.27,38.61,38.17,150.16,-0.00728980057172723
"2007-10-25",38.48,38.75,38.96,37.89,148.82,0.00699213000185051
"2007-10-26",38.48,38.37,38.93,37.93,91.33,-0.00286272153864431
"2007-10-29",38.72,38.61,39.06,38.41,79.84,-0.0028449521322309
"2007-10-30",38.48,38.79,38.79,38.34,44.85,0.00802385565437014
"2007-10-31",38.3,38.27,38.93,38.06,75.02,-0.00078359674898909
"2007-11-02",37.93,37.58,38.27,37.48,96.57,-0.00927036171548812
"2007-11-05",37.58,37.65,37.65,37.1,113.16,0.00186096026058324
"2007-11-06",37.58,37.93,38.48,37.55,121.89,0.00927036171548812
"2007-11-07",37.96,37.13,38.37,36.99,211.37,-0.0221077055527386
"2007-11-08",36.55,36.34,36.86,35.99,163.33,-0.00576212322776204
"2007-11-09",37.44,36.96,37.58,35.72,533.53,-0.0129034048359076
"2007-11-12",36.2,36.06,36.55,36.06,124.43,-0.00387490105655441
"2007-11-13",36.06,37.1,37.58,35.99,132.66,0.0284327518382184
"2007-11-14",37.41,35.86,37.44,35.86,208.92,-0.0423155801830681
"2007-11-15",36.03,35.86,36.62,35.27,187.67,-0.00472945658301516
"2007-11-16",35.75,35.51,36.03,35.03,231.46,-0.00673592218502028
"2007-11-19",35.72,35.58,36.13,35.24,146.19,-0.00392707377060919
"2007-11-20",35.44,35.99,36.13,35.06,144.75,0.0153999963540592
"2007-11-21",35.37,35.44,35.86,35.31,190.54,0.00197712251949067
"2007-11-22",35.58,35.86,36.06,35.1,255.27,0.00783878593929765
"2007-11-23",35.86,35.72,35.96,35.62,82.61,-0.00391171216868846
"2007-11-26",35.89,35.51,35.99,35.17,177.29,-0.0106443582045195
"2007-11-27",35.17,34.72,35.17,34.41,149.07,-0.0128775566937418
"2007-11-28",34.55,35.31,35.31,34.27,136,0.0217586597266162
"2007-11-29",35.72,35.31,35.99,35.03,129.94,-0.011544546068003
"2007-11-30",35.51,34.55,35.89,34.55,93.4,-0.0274067967413174
"2007-12-03",35.37,35.17,35.48,34.31,90.08,-0.00567055673149808
"2007-12-04",35.03,35.41,35.55,34.72,40.94,0.0107894289144168
"2007-12-05",35.58,36.41,36.82,35.51,187.96,0.0230597799496532
"2007-12-06",36.34,36.3,37.51,36.3,160.02,-0.00110132169722021
"2007-12-07",36.99,37.24,37.79,36.62,238.86,0.00673584656450332
"2007-12-10",37.24,37.62,38.41,37.1,237.82,0.0101523714640179
"2007-12-11",37.68,37.79,37.93,37.55,178.44,0.00291506765323568
"2007-12-12",37.24,37.82,38.03,36.93,160.26,0.0154546108214455
"2007-12-13",37.24,36.68,37.44,36.24,142.53,-0.0151518050206021
"2007-12-14",36.68,35.86,36.79,35.58,120.56,-0.0226091792112775
"2007-12-17",35.51,34.55,35.68,34.55,129.17,-0.0274067967413174
"2007-12-18",35.03,34.82,35.79,34.13,175.41,-0.0060129028693523
"2007-12-19",34.99,34.82,35.68,34.65,238.25,-0.00487037203955376
"2007-12-20",34.82,35.31,35.41,34.68,109.71,0.0139742756002521
"2007-12-21",35.79,35.99,36.82,35.51,397.67,0.00557259731300475
"2007-12-27",36.2,37.27,37.27,36.2,85,0.0291295946594414
"2007-12-28",36.58,36.27,36.89,35.89,111.78,-0.00851068966790836
"2008-01-02",35.93,35.1,36.34,35.1,97.82,-0.0233714706536072
"2008-01-03",35.17,34.82,35.17,34.58,134.54,-0.0100015121458483
"2008-01-04",34.89,34.4,35.1,33.96,84.21,-0.01414369081933
"2008-01-07",34.27,33.55,34.43,33.28,131.58,-0.0212334724688268
"2008-01-08",33.79,33.79,33.99,33.46,226.71,0
"2008-01-09",33.27,33.1,33.44,32.27,291.06,-0.00512280764736817
"2008-01-10",32.55,32.34,32.96,31.82,193.3,-0.00647251450561726
"2008-01-11",31.75,31.86,32.96,31.75,141.08,0.00345857914320158
"2008-01-14",31.72,31.43,31.79,30.62,228.84,-0.00918454595717089
"2008-01-15",30.82,30.86,31.95,30.7,167.36,0.00129701704304486
"2008-01-16",28.96,29.65,31.37,28.96,373.77,0.0235465579262186
"2008-01-17",30.41,30.62,30.69,28.82,290.8,0.00688188854026439
"2008-01-18",30.03,31.37,31.44,30.03,252.48,0.0436551402073477
"2008-01-21",30.85,28.35,30.99,28.35,278.99,-0.0845097201776355
"2008-01-22",26.96,29.17,30.3,26.63,322.02,0.0787864978355235
"2008-01-23",29.72,29.17,30.27,28.62,462.76,-0.0186794359699283
"2008-01-24",30.2,30.82,30.96,29.73,279.99,0.0203219055111461
"2008-01-25",31.04,31.37,31.44,30.62,289.73,0.0105753268875688
"2008-01-28",30.83,30.93,31.37,30.34,142.97,0.00323834479891927
"2008-01-29",31.04,32.15,32.15,31.04,120.17,0.0351357553686102
"2008-01-30",32.06,31.72,32.37,31.37,163.39,-0.0106617504147599
"2008-01-31",31.34,30.82,31.72,30.48,161.33,-0.016731407035905
"2008-02-01",31.03,31.11,31.41,30.86,104.11,0.00257483244925671
"2008-02-04",31.44,31.03,31.71,30.84,88.52,-0.013126489100717
"2008-02-05",30.84,29.72,31.08,29.31,164.47,-0.0369923288455705
"2008-02-06",29.37,29.23,29.58,28.75,158.37,-0.00477816608737447
"2008-02-07",28.97,28.89,29.15,28.06,118.12,-0.00276529730311514
"2008-02-08",28.97,28.96,29.17,28.27,116.58,-0.000345244263743272
"2008-02-11",29.03,29.66,30.31,28.83,140.96,0.0214695586732474
"2008-02-12",30.2,30.69,31.03,29.81,272.39,0.0160949442508209
"2008-02-13",30.55,30.69,30.89,30.17,163.24,0.00457218301404039
"2008-02-14",31.72,31.6,32.08,31.19,267.1,-0.00379027617378069
"2008-02-15",31.57,31.03,31.57,30.51,111.51,-0.0172528241096113
"2008-02-18",31.01,32.06,32.34,31.01,124.18,0.0332994140690492
"2008-02-19",31.78,32.31,32.58,31.48,113.5,0.0165396187278368
"2008-02-20",31.71,32.34,32.34,31.13,147.3,0.0196727655987048
"2008-02-21",32.36,31.51,32.54,31.37,129.37,-0.0266181364211073
"2008-02-22",31.25,30.58,31.37,30.58,137.29,-0.0216731756814945
"2008-02-25",30.99,30.13,31.1,29.75,153.44,-0.0281432186574468
"2008-02-26",30.21,29.61,30.68,29.41,158.92,-0.0200608532850803
"2008-02-27",29.66,29.49,29.89,29.1,158.76,-0.00574811388260121
"2008-02-28",29.64,29.65,29.72,28.96,106.48,0.000337325015848489
"2008-02-29",29.65,28.96,30.04,28.96,131.59,-0.0235465579262186
"2008-03-03",28.43,28.62,28.86,28,162.83,0.00666084846539627
"2008-03-04",28.64,28.34,28.82,28.27,88.64,-0.0105301078299105
"2008-03-05",28.48,29.65,29.65,28.41,112.27,0.0402600388999597
"2008-03-06",28.97,29.13,29.86,28.97,59.72,0.00550775919008428
"2008-03-07",28.55,28.37,28.74,28.06,249.09,-0.00632468728125923
"2008-03-10",28.41,29.13,29.31,28.27,84.13,0.025027375105247
"2008-03-11",29.1,30.06,30.31,29.06,140.02,0.0324572101473817
"2008-03-12",30.09,29.99,30.33,29.52,73.32,-0.00332889788103596
"2008-03-13",29.43,28.55,29.43,28.44,150.73,-0.030357626143362
"2008-03-14",28.64,28.29,29.13,28.2,117.77,-0.0122959567789689
"2008-03-17",27.93,26.95,28.13,26.78,112.57,-0.0357180826020791
"2008-03-18",27.04,28.96,28.96,27.04,80.01,0.0685983163427526
"2008-03-19",28.89,29.31,29.36,27.96,161.07,0.014433240244657
"2008-03-20",28.69,28.72,29.64,28.69,264.33,0.0010451141867498
"2008-03-25",29.62,30.23,30.23,29.51,165.44,0.0203849999517143
"2008-03-26",29.75,30.34,30.54,29.69,363.06,0.0196378419287475
"2008-03-27",30.62,31.06,31.62,30.62,254.83,0.0142674274910033
"2008-03-28",30.35,31,31.2,30.35,87.09,0.0211906869796388
"2008-03-31",30.41,31.03,31.4,30.09,154.32,0.0201829767710158
"2008-04-01",30.35,32,32.06,30.35,183.78,0.052939385294219
"2008-04-02",32.48,31.79,32.67,31.2,190.5,-0.0214727403707657
"2008-04-03",31.59,30.89,32.13,30.89,141.43,-0.0224081078835034
"2008-04-04",30.89,31.4,31.58,30.69,76.04,0.0163753859837175
"2008-04-07",31.51,32.04,32.33,31.45,102.42,0.0166801664309753
"2008-04-08",31.86,31.23,31.86,31.04,60.78,-0.0199721331869154
"2008-04-09",31.03,31.88,32.03,30.96,78.86,0.0270243754617252
"2008-04-10",31.37,31.1,31.86,30.96,58.67,-0.00864420301739832
"2008-04-11",31.58,30.34,31.97,30.34,146.96,-0.0400570349071097
"2008-04-14",30.34,30.21,30.8,29.62,119.26,-0.00429397852180591
"2008-04-15",30.34,30.62,30.69,29.64,70.27,0.00918641630915129
"2008-04-16",30.41,31.03,31.2,30.41,114.93,0.0201829767710158
"2008-04-17",31.03,30.6,31.11,30.41,125.3,-0.0139544695019538
"2008-04-18",30.37,31.51,31.51,30.36,117.99,0.0368496767115261
"2008-04-21",30.91,31.16,31.72,30.89,82.73,0.00805546485852249
"2008-04-22",30.96,30.8,31.16,30.2,107,-0.00518135874199732
"2008-04-23",30.79,30.34,30.89,29.73,143.28,-0.0147229880160227
"2008-04-24",30.34,31.33,31.33,30.14,140.96,0.0321091310437138
"2008-04-25",31.31,31.71,31.72,31.04,146.65,0.0126945532119418
"2008-04-28",31.67,31.96,32.06,31.67,133.17,0.00911526034752574
"2008-04-29",31.79,31.31,31.79,31.06,122.27,-0.015214239584397
"2008-04-30",31.09,31.72,31.72,30.73,66.04,0.0200611726959847
"2008-05-05",32.06,32.55,32.55,32.06,107.22,0.015168221473171
"2008-05-06",32.62,32.66,32.68,32.27,97.65,0.00122549034945107
"2008-05-07",32.89,33.57,33.79,32.89,225.57,0.020464150790978
"2008-05-08",33.44,33.1,33.44,32.76,123.41,-0.0102195058334833
"2008-05-09",33.17,33.2,33.35,33.01,137.07,0.000904022963482021
"2008-05-12",33.2,33.31,33.65,33.11,163.03,0.00330777628314527
"2008-05-13",33.37,33.57,33.61,33.37,108.34,0.00597551822866116
"2008-05-14",33.67,34.34,34.34,33.59,226.45,0.0197036222963463
"2008-05-15",33.94,33.99,34.68,33.86,321.8,0.00147210390194452
"2008-05-16",34.26,34.13,34.37,33.86,104.41,-0.00380172997735784
"2008-05-19",33.79,33.53,34.06,33.41,54.1,-0.00772434024806135
"2008-05-20",33.44,33.35,33.71,33.15,150.39,-0.00269501585486775
"2008-05-21",33.24,34.13,34.13,33.1,149.55,0.0264227929313683
"2008-05-23",33.48,33.92,34.28,33.48,94.13,0.0130565653024282
"2008-05-26",33.79,33.79,33.96,33.65,87.87,0
"2008-05-27",33.81,33.79,34.26,33.79,143.82,-0.00059171599359642
"2008-05-28",33.83,35.13,35.34,33.83,495.98,0.0377074834851188
"2008-05-29",35.17,34.82,35.65,34.48,430.97,-0.0100015121458483
"2008-05-30",34.89,34.72,35.06,34.55,155.36,-0.00488436540653314
"2008-06-02",34.68,35.13,35.31,34.58,106.03,0.012892314365395
"2008-06-03",34.65,34.99,35.1,34.58,92.08,0.00976458074368436
"2008-06-04",34.93,33.46,34.93,33.46,134.61,-0.0429953632600624
"2008-06-05",34.06,33.59,34.12,33.46,126.5,-0.0138952716103411
"2008-06-06",34.13,33.1,34.42,33.1,87.86,-0.0306434805355984
"2008-06-09",32.75,32.35,32.86,32.21,122.38,-0.0122889411343512
"2008-06-10",32.06,31.93,32.34,31.58,202.67,-0.00406314045471623
"2008-06-11",32.13,31.08,32.27,31.08,154.49,-0.0332256476283206
"2008-06-12",31.07,31.68,31.68,31.07,135.47,0.019442843541269
"2008-06-13",31.55,31.64,31.67,30.96,127.49,0.00284855391223093
"2008-06-16",31.82,31.86,32.27,31.73,139.46,0.00125628157226165
"2008-06-17",32.41,33.09,33.37,31.93,342.56,0.0207641047800653
"2008-06-18",33.09,32.75,33.09,32.41,116.31,-0.0103281598522602
"2008-06-19",31.89,33.43,33.51,31.89,211.43,0.0471612194100408
"2008-06-20",33.13,32.1,33.57,32.1,217.06,-0.0315831861758342
"2008-06-23",32.2,31.1,32.96,31.1,96.09,-0.0347586333651742
"2008-06-24",31.72,31.35,31.84,30.7,142.75,-0.0117331296877174
"2008-06-25",31.72,31.64,31.77,30.86,69.14,-0.00252525386719382
"2008-06-26",31.64,31.37,31.86,30.89,209.59,-0.00857012069686647
"2008-06-27",30.69,31.03,31.71,30.69,123.2,0.0110176098286443
"2008-06-30",32.06,31.62,32.06,31.04,165.41,-0.013819315400081
"2008-07-01",31.38,31.37,31.62,30.75,172.83,-0.000318725102299577
"2008-07-02",31.1,30.48,31.28,30.37,85,-0.0201370883667429
"2008-07-03",30.34,29.96,30.75,29.51,221.95,-0.0126038152713677
"2008-07-04",29.93,29.47,30.2,29.44,73.73,-0.0154885251150043
"2008-07-07",29.55,30.55,31.03,29.55,105.8,0.0332809417654971
"2008-07-08",30,31.93,31.93,29.8,130.11,0.0623486250645353
"2008-07-09",31.72,32.27,32.27,31.72,276.08,0.0171906092972236
"2008-07-10",31.38,31.37,32.23,31.37,141.23,-0.000318725102299577
"2008-07-11",31.71,30.75,31.71,30.48,99.38,-0.0307420942977292
"2008-07-14",31.24,31.04,31.64,31.04,114.15,-0.00642262965646712
"2008-07-15",30.46,30,30.94,29.88,153.69,-0.0152169658048602
"2008-07-16",30.33,29.73,30.55,29.58,132.27,-0.0199806846904833
"2008-07-17",30.41,31.03,31.03,30.02,174.62,0.0201829767710158
"2008-07-18",31.17,31.56,31.79,31.04,205.64,0.0124344021984277
"2008-07-21",31.11,32.28,32.28,31.11,111.69,0.0369185324922023
"2008-07-22",31.79,31.86,32,31.43,151.2,0.00219952955919123
"2008-07-23",32.1,33.03,33.03,32.1,198.3,0.0285602092667281
"2008-07-24",32.89,33.65,34.06,32.89,586.12,0.0228443958897708
"2008-07-25",33.1,34.34,34.47,32.68,202.64,0.036777573086312
"2008-07-28",33.93,33.99,34.55,33.79,243.55,0.00176678491188609
"2008-07-29",33.44,34.44,34.44,33.44,91.19,0.0294658913430292
"2008-07-30",34.48,35.93,35.93,34.46,258.25,0.0411931553299349
"2008-07-31",35.62,36.2,36.2,34.82,278.56,0.0161518409702102
"2008-08-01",35.62,35.86,35.99,34.65,242.87,0.00671519031547119
"2008-08-04",35.51,34.58,35.62,34.58,136.84,-0.0265388666998518
"2008-08-05",34.48,35.44,35.65,34.48,226.44,0.0274616799413878
"2008-08-06",35.99,34.99,36.03,34.62,232.93,-0.0281788157113425
"2008-08-07",34.99,34.41,35.68,34.41,210.33,-0.0167150865702079
"2008-08-08",34.37,33.8,34.4,33.26,174.63,-0.0167232883727695
"2008-08-11",34.46,34.1,34.48,33.93,98.76,-0.0105018468103126
"2008-08-12",34.05,34.68,35.31,34.05,161.91,0.0183331193168197
"2008-08-13",34.75,33.68,35.07,33.27,115.78,-0.0312753826366752
"2008-08-14",33.83,33.9,34.42,33.34,180.36,0.00206703159378741
"2008-08-18",34.04,34.75,34.94,33.83,120.29,0.0206432683056277
"2008-08-19",34.18,34.54,35.03,34.18,130.94,0.0104773950310877
"2008-08-20",34.36,34.39,34.88,33.97,141.27,0.00087272732812016
"2008-08-21",33.94,33.49,34.32,33.48,216.18,-0.0133473729999669
"2008-08-22",34.11,34.15,34.15,33.42,155.03,0.00117198958624432
"2008-08-25",33.97,34.46,34.52,33.92,99.8,0.0143214489272911
"2008-08-26",33.83,33.83,34.04,33.66,95.14,0
"2008-08-27",33.83,32.99,33.97,32.78,169.41,-0.025143497552127
"2008-08-28",32.99,34.25,34.25,32.81,189.82,0.0374820794677442
"2008-08-29",34.25,34.54,35.23,34.25,145,0.00843150801029813
"2008-09-01",33.84,34.12,34.39,33.84,35.3,0.00824018788545544
"2008-09-02",33.99,35.38,35.66,33.87,136.03,0.0400803250236144
"2008-09-03",34.68,34.54,35.35,34.54,136.8,-0.00404507919380848
"2008-09-04",34.68,33.55,34.8,33.55,149.33,-0.0331262884946502
"2008-09-05",33.13,32.39,33.44,31.89,210.54,-0.0225894831285665
"2008-09-08",33.37,33.68,34.18,33.2,145.24,0.00924689661084344
"2008-09-09",33.68,32.95,33.94,32.5,86.01,-0.0219129284256097
"2008-09-10",32.91,32.31,32.95,32.05,192.05,-0.0183997831188418
"2008-09-11",32.07,31.72,32.42,31.65,185.42,-0.0109736169384163
"2008-09-12",32.22,31.58,32.28,31.55,64.28,-0.0200633689213321
"2008-09-15",31.2,30.34,31.25,30.14,208.01,-0.0279511208950503
"2008-09-16",30.12,29.26,31.01,28.9,334.89,-0.0289680073397145
"2008-09-17",29.67,29.79,30.12,29,298.53,0.00403633242246038
"2008-09-18",28.9,29.61,30.57,28.76,155.54,0.0242705469951137
"2008-09-19",31.01,31.63,32.14,30.34,370.15,0.0197963042051996
"2008-09-22",31.86,32.37,32.39,31.47,187.68,0.0158807634562503
"2008-09-23",31.48,30.7,31.72,30.66,230.2,-0.0250897689560512
"2008-09-24",30.8,30.41,31.15,30.41,174.94,-0.0127431882902558
"2008-09-25",30.45,31.72,31.72,30.24,195.14,0.0408614026107412
"2008-09-26",31.01,31.65,31.86,30.78,137.3,0.0204284154778276
"2008-09-29",31.15,29.25,31.56,29.25,137.72,-0.0629346715555967
"2008-09-30",28.19,30.59,31.01,28.19,261.96,0.0817058530367909
"2008-10-01",30.8,30.59,32.07,30.59,217.42,-0.00684153181671698
"2008-10-02",31.35,31.01,31.51,30.45,99.04,-0.0109045339665719
"2008-10-03",30.45,31.36,31.51,30.32,120.5,0.0294472013263012
"2008-10-06",30.03,28.91,30.31,28.62,172.33,-0.0380093259669843
"2008-10-07",29.6,27.84,29.88,27.63,222.76,-0.0613005258637958
"2008-10-08",26.22,26.97,28.54,25.7,302.83,0.0282026588160851
"2008-10-09",27.1,26.48,27.59,26.32,273.25,-0.0231439968168479
"2008-10-10",24.07,24.67,25.01,21.67,562.75,0.0246216787462847
"2008-10-13",25.9,24.77,26.08,23.61,314.22,-0.0446097252042237
"2008-10-14",26.47,25.23,26.74,24.95,275.34,-0.0479782535860434
"2008-10-15",25.02,23.19,25.02,22.41,278.4,-0.0759543537713245
"2008-10-16",21.5,21.85,22.77,21.36,279.33,0.0161479864079821
"2008-10-17",22.69,20.16,22.97,19.28,399.12,-0.118223855588583
"2008-10-20",20.79,19.74,21.09,19.74,261.08,-0.051825067864586
"2008-10-21",20.16,20.1,20.97,19.74,360.1,-0.00298062813813749
"2008-10-22",19.81,18.82,20.37,18.82,168.32,-0.0512667265532256
"2008-10-23",18.47,18.52,19.01,16.99,222.19,0.00270343500688464
"2008-10-24",17.34,17.44,17.76,16.42,273,0.00575044712843775
"2008-10-27",16.63,17.34,17.63,16.03,322.69,0.0418076781475598
"2008-10-28",18.22,18.82,18.96,17.97,278.65,0.0324002423254215
"2008-10-29",20.23,20.79,21.29,19.66,269.89,0.0273054506902675
"2008-10-30",21.85,21.64,22.12,20.79,344.47,-0.00965746756331809
"2008-10-31",21.25,21.85,22.19,20.86,224.5,0.0278440261711732
"2008-11-03",21.85,22.06,22.59,21.5,204.64,0.00956509228375735
"2008-11-04",22.2,23.79,23.79,21.99,167.61,0.0691730354366324
"2008-11-05",23.6,23.17,23.61,22.91,140.79,-0.0183883735872796
"2008-11-06",22.06,21.78,22.98,21.37,220.47,-0.0127738963205419
"2008-11-07",21.92,21.71,22.34,21.22,171.73,-0.00962647818961448
"2008-11-10",22.2,22.32,22.55,22.2,55.96,0.00539084863487638
"2008-11-12",21.57,21.14,21.71,20.23,201.22,-0.0201364799589734
"2008-11-13",19.63,20.59,21,19.38,228.1,0.0477465127513286
"2008-11-14",21.32,21.22,21.53,20.93,160.48,-0.00470146611180677
"2008-11-17",21.14,20.79,21.25,20.31,90.9,-0.0166948785721703
"2008-11-18",20.62,20.02,20.62,19.81,137,-0.0295297047017393
"2008-11-19",20.36,20.72,20.72,19.81,126.49,0.0175272257089603
"2008-11-20",19.59,19.74,19.9,19.28,181.16,0.00762780204888625
"2008-11-21",20.16,20.09,20.58,19.57,131.68,-0.0034782643763247
"2008-11-24",20.48,22.16,22.16,20.16,98.51,0.0788400617077758
"2008-11-25",22.06,22.83,22.91,21.74,179.95,0.0343094467163478
"2008-11-26",22.27,22.73,23.43,22.09,212.69,0.0204451565951755
"2008-11-27",23.12,23.18,23.39,22.9,136.13,0.00259179410742894
"2008-11-28",23.01,22.55,23.46,22.2,172.75,-0.0201938380985873
"2008-12-01",22.34,21.85,22.55,21.79,122.96,-0.0221778720994554
"2008-12-02",21.14,22.27,22.84,20.93,172.43,0.0520735008271846
"2008-12-03",22.41,21.88,22.68,21.73,116.88,-0.023934310259055
"2008-12-04",22.13,23.26,23.47,21.93,256.55,0.04980099302756
"2008-12-05",22.91,22.8,23.51,22.43,107.34,-0.00481296050500912
"2008-12-08",23.78,24.6,24.74,23.75,260.01,0.0339015516756813
"2008-12-09",24.56,25.37,25.37,24.34,277.24,0.0324482703322491
"2008-12-10",25.59,25.47,25.94,24.95,300.38,-0.00470036118033201
"2008-12-11",25.37,25.51,25.66,24.96,222.61,0.00550315854252936
"2008-12-12",24.67,24.53,24.81,24.25,164.93,-0.00569107227086718
"2008-12-15",25.02,25.44,25.44,24.39,110.97,0.0166472334331562
"2008-12-16",25.44,26.75,26.75,25.17,272.19,0.0502117348700941
"2008-12-17",26.82,25.02,26.85,25.02,162.76,-0.0694723728147673
"2008-12-18",24.67,24.95,25.48,24.46,147.08,0.0112858916562621
"2008-12-19",24.53,24.67,25.28,24.46,227.43,0.00569107227086718
"2008-12-22",25.02,24.32,25.3,24.14,87.46,-0.0283764479407989
"2008-12-23",24.32,24.24,24.65,24.06,61.23,-0.00329489589685261
"2008-12-29",24.32,24.67,24.98,24.24,49.71,0.0142888734432991
"2008-12-30",24.73,25.02,25.36,24.73,90.96,0.0116584235054402
"2008-12-31",25.02,25.02,25.23,24.8,40.62,0
"2009-01-05",26.02,25.76,26.04,25.59,93.04,-0.0100425718482064
"2009-01-06",25.75,26.37,26.42,25.75,180.26,0.0237923732554504
"2009-01-07",26.33,26.08,26.33,25.81,204.5,-0.00954023644976587
"2009-01-08",25.4,25.28,26.16,25.13,193.34,-0.00473560474583401
"2009-01-09",25.49,24.2,25.63,24.11,230.42,-0.0519335852253833
"2009-01-12",24.3,23.26,24.37,23.15,253.12,-0.0437412032559843
"2009-01-13",23.05,22.55,23.12,22.06,283.18,-0.0219307034939704
"2009-01-14",22.87,21.14,22.98,21.13,348.14,-0.078659027592598
"2009-01-15",21.14,20.79,21.74,20.24,168.52,-0.0166948785721703
"2009-01-16",21.81,21.5,21.81,21.29,135.63,-0.0143156450799204
"2009-01-19",21.88,20.86,21.99,20.65,166.43,-0.0477395279811543
"2009-01-20",20.67,20.3,20.79,20.09,221.94,-0.0180624876459352
"2009-01-21",19.74,21.13,21.13,19.35,295.52,0.06804679762263
"2009-01-22",21.5,20.93,21.71,19.95,233.93,-0.0268693986757085
"2009-01-23",20.71,19.98,20.71,19.6,194.16,-0.0358849021870853
"2009-01-26",19.81,21.07,21.07,19.49,163.83,0.0616633671056381
"2009-01-27",21.07,20.11,21.14,20.05,111.01,-0.0466330240315367
"2009-01-28",20.58,20.76,21.07,20.45,83.03,0.00870832789178433
"2009-01-29",20.86,20.43,20.86,20.13,102.4,-0.0208290407430956
"2009-01-30",20.14,19.59,20.51,19.46,247.09,-0.027688655333967
"2009-02-02",19.59,18.54,19.59,18.41,180.02,-0.0550886718187402
"2009-02-03",18.64,17.27,18.74,17.27,197.87,-0.076338917098858
"2009-02-04",17.44,17.2,17.48,16.6,410.87,-0.0138570346614264
"2009-02-05",16.92,17.34,17.86,16.23,340.74,0.0245196171743185
"2009-02-06",17.87,17.97,18.53,17.8,282.03,0.00558037162413072
"2009-02-09",18.25,19.03,19.03,17.77,140.99,0.0418516012795576
"2009-02-10",18.81,18.85,19.21,18.66,151.94,0.00212427058108089
"2009-02-11",18.21,18.4,18.79,18.11,164.88,0.0103797708754234
"2009-02-12",18.46,17.59,18.47,17.36,223.67,-0.0482756703252396
"2009-02-13",17.73,17.69,18.02,17.48,168.88,-0.00225861191442256
"2009-02-16",17.55,16.3,17.55,16.3,124.96,-0.0738888420991581
"2009-02-17",16.02,14.42,16.02,14.42,308.91,-0.10522180978341
"2009-02-18",14.84,13.97,14.87,13.08,655.86,-0.0604140644703639
"2009-02-19",14.59,14.8,15.44,14.24,409.99,0.0142908182353749
"2009-02-20",14.23,14.11,14.59,13.67,217.97,-0.00846864623703825
"2009-02-23",14.8,13.64,14.95,13.64,219.49,-0.0816205283547533
"2009-02-24",13.39,13.35,13.5,13.09,235.17,-0.00299177485682289
"2009-02-25",14.03,13.32,14.09,13.32,229.75,-0.0519312290021268
"2009-02-26",13.25,13.85,13.85,13.04,179.68,0.0442876802011165
"2009-02-27",13.53,13.53,14.34,13.29,354.84,0
"2009-03-02",13.38,13.39,13.6,13.17,100.11,0.000747105002998794
"2009-03-03",13.4,13.67,13.79,13.33,186.86,0.0199489437789926
"2009-03-04",13.89,14.55,14.72,13.69,318.83,0.0464218368512492
"2009-03-05",14.7,14.25,14.7,14.13,234.36,-0.0310905870700311
"2009-03-06",14.06,14.74,14.87,13.99,259.76,0.0472310003786713
"2009-03-09",14.91,14.52,14.98,14.45,159.47,-0.0265051193799972
"2009-03-10",14.52,15.29,15.4,14.52,260.82,0.0516720105443209
"2009-03-11",15.51,15.44,15.83,15.31,223.42,-0.00452343259181731
"2009-03-12",15.29,15.68,15.68,14.93,228.54,0.0251869949812908
"2009-03-13",16.18,15.79,16.18,15.79,230.31,-0.0243990833627952
"2009-03-16",16.01,16.15,16.28,15.86,163.16,0.00870652266004202
"2009-03-17",16.03,15.68,16.07,15.53,191.91,-0.0220759516992
"2009-03-18",15.74,15.24,15.75,15.12,171.83,-0.032281692730757
"2009-03-19",15.37,15.62,15.72,15.25,315.74,0.0161345868610354
"2009-03-20",15.46,15.85,15.85,15.37,160.54,0.0249134571640135
"2009-03-23",16.07,16.56,16.58,16,186.8,0.0300359692076926
"2009-03-24",17.13,16.46,17.22,16.36,203.11,-0.0398981170871049
"2009-03-25",16.39,17.25,17.26,16.29,210.81,0.0511407507216304
"2009-03-26",17.21,17.02,17.34,16.99,139.35,-0.01110148707822
"2009-03-27",17.01,16.2,17.12,16.18,167.54,-0.0487901641694322
"2009-03-30",15.85,15,15.97,14.88,187.44,-0.0551192992210794
"2009-03-31",15.22,15.1,15.46,15.08,206.72,-0.00791560861266083
"2009-04-01",15.33,15.1,15.37,14.72,339.8,-0.0151169490628438
"2009-04-02",15.51,16.32,16.32,15.51,303.89,0.0509063723475136
"2009-04-03",16.18,16.35,17.2,16.01,482.74,0.0104519857129168
"2009-04-06",16.61,17.12,17.35,16.5,379.96,0.0302424470883924
"2009-04-07",16.86,17.06,17.26,16.82,238.73,0.0117925894898234
"2009-04-08",16.81,18.33,18.38,16.7,335.92,0.0865651144310893
"2009-04-09",18.61,18.64,18.75,17.74,289.46,0.00161073860328553
"2009-04-14",18.24,19.12,19.3,18.2,374.91,0.04711792297707
"2009-04-15",18.96,19.24,19.24,18.79,237.65,0.0146599484106846
"2009-04-16",19.31,19.16,19.74,18.88,195.29,-0.00779832389770885
"2009-04-17",19.06,18.01,19.16,18.01,192.14,-0.0566647390381911
"2009-04-20",18.11,17.08,18.17,17.08,133.6,-0.0585560835348984
"2009-04-21",17.09,17.07,17.55,16.89,159.94,-0.00117096032115027
"2009-04-22",17.2,17.48,17.87,17.07,191.93,0.0161479864079821
"2009-04-23",17.62,17.57,17.83,17.41,242.56,-0.00284171830902746
"2009-04-24",17.55,17.9,17.97,17.5,252.4,0.019746762934834
"2009-04-27",17.61,17.9,17.9,17.43,106.96,0.0163337903385945
"2009-04-28",17.49,17.51,17.8,17.43,117.97,0.00114285726725027
"2009-04-29",17.72,18.32,18.32,17.66,148.91,0.0332994140690497
"2009-04-30",18.54,18.94,19.11,18.54,230.24,0.0213455276202232
"2009-05-04",19.31,19.95,20.05,19.28,208.46,0.0326060468954492
"2009-05-05",19.74,20.02,20.42,19.52,265.17,0.014084739881739
"2009-05-06",19.74,19.9,20.36,19.71,160.18,0.00807269772511132
"2009-05-07",20.3,20.05,20.4,19.91,175.83,-0.0123917322951637
"2009-05-08",20.02,19.74,20.09,19.42,216.92,-0.014084739881739
"2009-05-11",19.74,19.61,19.91,19.38,138.73,-0.00660739379708053
"2009-05-12",19.79,20.12,20.47,19.66,168.28,0.0165375856170642
"2009-05-13",20.12,19.7,20.26,19.66,149.84,-0.0210957094875961
"2009-05-14",18.96,19.1,19.45,18.68,261.98,0.00735683822570854
"2009-05-15",19.21,18.85,19.33,18.68,162.66,-0.0189180628864452
"2009-05-18",18.82,19.01,19.02,18.51,75.01,0.0100450223431041
"2009-05-19",19.6,19.31,19.65,19.16,137.07,-0.0149064697960486
"2009-05-20",19.31,19.1,19.78,19.02,171.42,-0.0109347613878388
"2009-05-21",18.54,18.66,19.21,18.54,148.96,0.00645163528148895
"2009-05-22",18.68,18.41,18.85,18.22,84.64,-0.0145594375557101
"2009-05-25",18.68,18.36,18.68,18.11,52.09,-0.0172790476083522
"2009-05-26",18.27,18.42,18.47,18.04,68.29,0.00817666043724552
"2009-05-27",18.5,18.48,18.9,18.37,191.18,-0.00108166587074088
"2009-05-28",18.53,18.04,18.64,18.02,162.96,-0.0267995256627906
"2009-05-29",18.18,17.62,18.32,17.37,277.54,-0.0312874682412994
"2009-06-01",17.97,19,19.02,17.83,191.53,0.0557352783709728
"2009-06-02",18.87,18.96,19.55,18.69,181.19,0.00475813744641718
"2009-06-03",19.38,18.47,19.42,18.47,155.79,-0.0480938122514716
"2009-06-04",18.59,18.85,18.92,18.41,147.75,0.0138891121606672
"2009-06-05",19.14,18.82,19.38,18.82,130.12,-0.0168602518675747
"2009-06-08",17.86,17.8,18.45,17.69,263.96,-0.0033651181503136
"2009-06-09",17.76,17.28,17.76,16.85,464.83,-0.0273989741881144
"2009-06-10",17.49,18.04,18.04,17.49,221.87,0.0309622256039672
"2009-06-12",18.18,18.47,18.61,17.9,193.33,0.0158257054618156
"2009-06-15",18.4,18.61,18.68,18.18,122.8,0.0113484060392195
"2009-06-16",18.41,18.68,18.86,18.26,133.31,0.0145594375557101
"2009-06-17",18.54,18.33,18.82,18.29,224.74,-0.0113914982860956
"2009-06-18",18.33,18.33,18.5,18.02,117.71,0
"2009-06-19",18.08,18.76,18.81,18.08,231.47,0.0369205886140485
"2009-06-22",18.57,18.15,18.66,17.94,112.74,-0.0228768146537548
"2009-06-23",17.83,18.15,18.33,17.83,92.56,0.0177881288358108
"2009-06-24",18.15,17.94,18.29,17.76,105.75,-0.0116377040802096
"2009-06-25",18.05,17.61,18.14,17.51,209.67,-0.0246787622707756
"2009-06-26",17.9,17.8,17.94,17.65,77.24,-0.00560225554866944
"2009-06-29",17.63,18.57,18.57,17.63,149.39,0.0519453789548354
"2009-06-30",18.78,17.97,19.24,17.97,260.41,-0.0440887729846495
"2009-07-01",17.98,18.46,18.5,17.88,106.36,0.0263462000312318
"2009-07-02",18.43,18.01,18.71,17.99,101.92,-0.023052612493867
"2009-07-03",18.04,17.71,18.25,17.71,67.28,-0.0184620628397352
"2009-07-06",17.62,17.69,17.9,17.44,44.1,0.00396488766366065
"2009-07-07",17.83,17.67,17.97,17.63,50.59,-0.0090141455434436
"2009-07-08",17.3,17.75,17.8,17.3,102.24,0.0256790144176913
"2009-07-09",17.83,17.78,17.97,17.42,110.84,-0.00280820178929009
"2009-07-10",17.87,17.8,17.9,17.66,89.08,-0.00392487187329715
"2009-07-13",17.59,17.76,17.94,17.46,71.82,0.00961817881455751
"2009-07-14",17.96,19.18,19.18,17.95,150.62,0.0657210065812386
"2009-07-15",19.24,19.69,19.69,18.83,358.61,0.0231194474134737
"2009-07-16",19.46,19.97,20.09,19.34,195.09,0.0258700706698649
"2009-07-17",19.74,20.16,20.16,19.66,168.11,0.0210534091978323
"2009-07-20",20.19,21.36,21.48,20.19,247.29,0.056332581767248
"2009-07-21",21.27,21.71,21.84,20.98,247.61,0.0204753546780547
"2009-07-22",21.43,21,21.5,20.75,220.72,-0.0202693717620628
"2009-07-23",21.14,21.25,21.29,21,113.98,0.00518991492833409
"2009-07-24",21.5,22.19,22.55,21.42,173.01,0.0315888018108854
"2009-07-27",22.48,22.55,23.22,22.41,349.28,0.00310904092319708
"2009-07-28",22.76,21.5,22.98,21.5,120.68,-0.0569516741245133
"2009-07-29",21.5,21.64,22.02,21.25,90.48,0.00649051884466401
"2009-07-30",21.99,23.26,23.26,21.64,134.7,0.0561473425238486
"2009-07-31",23.27,23.48,24.32,23.04,336.94,0.00898401764569545
"2009-08-03",23.47,23.44,24.11,23.26,181.07,-0.00127904515412025
"2009-08-04",23.25,22.98,23.25,22.91,81.86,-0.0116808596127558
"2009-08-05",22.87,22.27,23.44,22.27,133.03,-0.0265855267654134
"2009-08-06",22.55,22.55,23.09,21.86,116.31,0
"2009-08-07",22.55,23.26,23.26,22.06,85.96,0.0310000811418312
"2009-08-10",23.26,23.32,23.32,22.57,107.56,0.00257621439177314
"2009-08-11",23.06,22.2,23.53,22.2,104.97,-0.0380072259626791
"2009-08-12",22.02,21.86,22.24,21.55,115.9,-0.00729264854614131
"2009-08-13",22.91,22.83,23.26,22.2,140.8,-0.00349803592370002
"2009-08-14",22.98,22.76,23.54,22.41,161.96,-0.00961966316247942
"2009-08-17",22.14,21.58,22.27,21.58,137.48,-0.0256189674505021
"2009-08-18",21.87,22.05,22.05,21.36,100.83,0.00819676720417872
"2009-08-19",21.83,22.41,22.41,21.57,108.76,0.0262221172509833
"2009-08-20",22.7,23.19,23.19,22.48,222.06,0.0213562267800835
"2009-08-21",23.02,24.66,24.66,23.02,350.03,0.0688190944424618
"2009-08-24",24.67,25.37,25.37,24.53,174.98,0.0279794430699254
"2009-08-25",24.88,25.44,25.66,24.67,172.76,0.0222584706009425
"2009-08-26",25.23,24.67,25.73,24.46,131.77,-0.0224458321117011
"2009-08-27",25.08,25.02,26.13,24.85,344.08,-0.00239521072595483
"2009-08-28",25.59,25.02,26.05,25.02,140.86,-0.0225261451329324
"2009-08-31",24.88,24.88,25.3,24.74,68.71,0
"2009-09-01",25.09,25.09,25.44,24.5,90.42,0
"2009-09-02",24.66,23.46,24.73,23.46,195.37,-0.0498856545108688
"2009-09-03",23.87,22.77,23.93,22.77,219.14,-0.0471785602750905
"2009-09-04",23.05,22.7,23.25,22.56,95.53,-0.0153008449553007
"2009-09-07",22.98,22.94,23.33,22.77,103.51,-0.00174216071938504
"2009-09-08",23.16,22.77,23.19,22.63,130.9,-0.0169827726291465
"2009-09-09",22.7,22.94,23.18,22.55,213.94,0.0105171872138676
"2009-09-10",23.43,22.2,23.47,22.13,122.29,-0.0539249636414705
"2009-09-11",22.55,21.88,22.69,21.85,109.96,-0.0301620883949067
"2009-09-14",21.64,21.46,21.81,21.11,162.5,-0.00835271677572846
"2009-09-15",21.77,21.63,22.17,21.24,140.56,-0.00645163528148851
"2009-09-16",21.91,22.2,22.26,21.86,121.83,0.0131491352708588
"2009-09-17",22.7,22.7,22.77,22.28,176.55,0
"2009-09-18",22.55,22.84,23.12,22.43,345.33,0.0127783188391222
"2009-09-21",23.12,23.22,23.72,22.99,209.82,0.00431593246556883
"2009-09-22",24.27,25.34,25.81,24.1,352.51,0.0431431551544832
"2009-09-23",25.71,26.06,26.35,25.61,315.83,0.013521550418901
"2009-09-24",26.09,26.24,26.96,25.94,346.16,0.00573286492725122
"2009-09-25",26.02,25.96,26.27,25.71,295.35,-0.00230858124847
"2009-09-28",26.09,25.79,26.39,25.79,147.02,-0.0115652792553833
"2009-09-29",25.91,24.9,26.09,24.9,293.74,-0.0397611911033566
"2009-09-30",25.07,25.15,25.94,24.84,409.18,0.00318598437554574
"2009-10-01",25.79,25.05,26.39,25.05,584.04,-0.0291129923623799
"2009-10-02",25.51,25.66,25.91,24.79,525.48,0.00586282703377039
"2009-10-05",25.57,25.43,25.65,25.1,131.03,-0.00549020986906701
"2009-10-06",25.52,26.49,26.82,25.52,150.44,0.0373048448073892
"2009-10-07",26.45,25.71,26.48,25.71,150.03,-0.0283761370265103
"2009-10-08",25.91,25.96,26.11,25.51,247.98,0.00192789726187081
"2009-10-09",25.91,25.99,26.48,25.79,225.86,0.00308285407938014
"2009-10-12",26,26.08,26.22,25.79,231.15,0.00307219903696998
"2009-10-13",26.08,25.9,26.1,25.63,231.27,-0.00692576835296022
"2009-10-14",25.91,26.97,26.97,25.83,465.53,0.0400961425776201
"2009-10-15",26.97,26.73,27.33,26.46,246.07,-0.00893860700081106
"2009-10-16",26.65,26.97,27.29,26.65,196.24,0.0119359865397852
"2009-10-19",27.01,28.23,28.43,26.97,192.94,0.0441780744608735
"2009-10-20",28.51,28.43,28.9,28.31,170.83,-0.00280997726167209
"2009-10-21",28.43,28.52,28.68,27.73,173.53,0.00316066988318697
"2009-10-22",28.38,28.84,29.16,28.07,134.96,0.0160786406848517
"2009-10-23",29.24,29.25,29.31,29.03,133.67,0.000341938796287966
"2009-10-26",28.99,28.47,29.37,28.47,123.96,-0.0181000416436179
"2009-10-27",28.27,28.03,28.27,27.7,99.92,-0.00852580652880208
"2009-10-28",27.95,27.52,28.03,27.33,210.15,-0.0155041865359653
"2009-10-29",27.22,28.68,29.08,26.65,361.24,0.0522480185080996
"2009-10-30",28.63,28.19,29.51,28.12,286.24,-0.0154878139840027
"2009-11-02",28.15,28.35,28.53,27.76,224.13,0.007079675588062
"2009-11-03",28.27,27.21,28.27,27.07,262,-0.0382166189103441
"2009-11-04",27.69,28.31,28.31,27.69,119.62,0.0221437619409377
"2009-11-05",28.03,29.25,29.25,27.95,305.84,0.0426042085011686
"2009-11-06",29.22,28.86,29.37,28.29,236.28,-0.0123968529768286
"2009-11-09",29.24,29.98,29.98,29,191.56,0.0249928577928742
"2009-11-10",29.57,30.02,30.47,29.44,116.42,0.0151034923409301
"2009-11-12",30.02,30.36,30.36,29.39,189.21,0.0112621263221135
"2009-11-13",29.98,30.48,30.55,29.81,171.04,0.0165402381439939
"2009-11-16",30.9,31.93,31.93,30.9,182.26,0.0327898228229913
"2009-11-17",31.68,31.44,31.93,31.32,129.71,-0.00760459938521896
"2009-11-18",31.6,30.71,31.67,30.5,122.76,-0.0285687861401356
"2009-11-19",30.46,29.57,30.54,29.46,266.59,-0.02965401360263
"2009-11-20",29.77,30.07,30.51,29.55,134.88,0.0100268219727528
"2009-11-23",30.63,31.28,31.44,30.33,145.48,0.0209989948324263
"2009-11-24",31.28,30.86,31.28,30.47,203.85,-0.0135180687420955
"2009-11-25",30.88,30.15,31.18,30.15,73.44,-0.023923801983381
"2009-11-26",30.23,29.69,30.24,29.69,201.92,-0.0180245200156985
"2009-11-27",28.93,30.1,30.14,28.35,234.22,0.0396460527667863
"2009-11-30",30.58,30.55,30.86,30.38,139.94,-0.000981514883311885
"2009-12-01",30.68,30.86,31.14,30.55,278.66,0.0058498704359593
"2009-12-02",30.95,30.87,31.19,30.74,252.23,-0.00258816061653677
"2009-12-03",31.28,30.94,31.52,30.8,114.78,-0.0109290705321903
"2009-12-04",30.91,31.68,31.76,30.55,157.24,0.0246058108021998
"2009-12-07",31.44,31.68,31.68,31.03,50.11,0.00760459938521896
"2009-12-08",31.52,30.83,31.82,30.83,113.9,-0.0221340230916192
"2009-12-09",30.71,29.66,30.82,29.66,322.8,-0.034788997742945
"2009-12-10",30.01,29.98,30.23,29.65,213.43,-0.00100016677782389
"2009-12-11",30.34,30.18,30.55,29.65,180.61,-0.00528752058068349
"2009-12-14",30.61,30.74,30.8,30.46,77.29,0.00423798515312868
"2009-12-15",30.59,30.46,30.59,30.23,131.29,-0.00425881069579637
"2009-12-16",30.48,30.29,30.83,30.26,85.93,-0.00625310577929961
"2009-12-17",30.18,30.14,30.28,29.73,162.06,-0.00132626014135351
"2009-12-18",29.91,30.8,30.8,29.91,407.79,0.0293218173376721
"2009-12-21",30.83,31.12,31.28,30.63,130.25,0.0093624574121316
"2009-12-22",31.28,31.28,31.54,31.03,106.66,0
"2009-12-23",31.28,31.11,31.44,30.91,70.48,-0.00544960476756451
"2009-12-28",31.66,31.56,31.67,31.46,109.66,-0.00316355847519301
"2009-12-29",31.56,30.97,31.6,30.93,291.46,-0.018871501992562
"2009-12-30",30.97,30.46,31.06,30.42,102.34,-0.0166046465180956
"2009-12-31",30.7,30.87,30.87,30.52,65.78,0.00552218392091675
"2010-01-04",30.79,31.42,31.45,30.79,74.02,0.0202546708910663
"2010-01-05",31.6,31.32,31.95,31.32,180.96,-0.00890024947026413
"2010-01-06",31.39,31.47,31.49,31.13,70.43,0.0025453402224529
"2010-01-07",31.24,31.32,31.44,30.87,122.19,0.00255754615111714
"2010-01-08",31.56,31.4,31.67,31.11,112.13,-0.00508260306346564
"2010-01-11",31.4,31.6,31.73,31.4,147.77,0.00634922767865875
"2010-01-12",31.53,31.36,31.59,31.24,145.62,-0.00540627807476257
"2010-01-13",31.11,31.44,31.59,30.92,75.33,0.0105516566514603
"2010-01-14",31.59,31.44,31.6,31.28,253.63,-0.00475964725298761
"2010-01-15",31.42,31.34,31.56,31.24,224.07,-0.00254939589960035
"2010-01-18",31.42,31.6,31.6,31.3,59.22,0.00571248776539113
"2010-01-19",31.6,32.49,32.49,31.55,409.86,0.0277752290881428
"2010-01-20",32.49,32.74,33.09,32.41,204.17,0.00766522226197974
"2010-01-21",32.74,32.86,32.95,32.34,183.27,0.00365854066613291
"2010-01-22",32.18,32.29,32.54,32.1,291.58,0.00341244320594658
"2010-01-25",32.34,32.7,32.86,32.2,399.66,0.0110702237542473
"2010-01-26",32.45,32.01,32.6,31.84,400.6,-0.0136520891683274
"2010-01-27",32.01,32.01,32.41,31.93,182.4,0
"2010-01-28",32.49,32.03,32.58,32.01,187.92,-0.0142593860599423
"2010-01-29",32.01,31.89,32.15,31.68,182.15,-0.00375587295980528
